age,income_level,education_level,financial_literacy,risk_tolerance,app_usage_frequency,time_reviewing_recs,follow_through_rate,override_frequency,savings_rate_change,investment_returns,budget_adherence,debt_reduction,net_worth_growth,trust_score,perceived_usefulness,perceived_accuracy,rec_type,risk_level,confidence_score,user_satisfaction,continued_usage,explanation_quality,transparency_rating,privacy_concerns,financial_outcomes
56,5,1,2,0.4634940438005723,6,9.261421755645744,0.853784921704667,0.4663097561401701,0.1203922801613459,6.57098413451703,0.4173947823291479,0.4603553731348269,-0.093234880031357,33,2,5,aggressive,5,0.933615377835094,4,1,4,4,4,3
69,5,5,3,0.3797857801792298,4,17.33204415968704,0.2419771303170453,0.0756997273097874,-0.1582181927599394,7.856891981582049,0.3768668803471885,0.7096713435045244,0.2638257709521204,40,1,3,aggressive,5,0.8673546391153578,2,1,1,4,4,1
46,5,1,2,0.8633336495718252,2,58.32042876316199,0.9606269755131998,0.3878260899169312,0.03074295245308,16.157391838415165,0.8759049249998946,0.9837115832091518,0.0078520035068731,32,5,5,aggressive,2,0.2336090320362368,3,1,4,4,1,1
32,3,1,2,0.519081785136218,6,20.549473419079995,0.1969257044534283,0.8035376594626034,-0.014407320733245,7.309448372530454,0.9052989990105156,0.050175350319974,0.2278708011121836,69,5,4,balanced,3,0.7783719045454912,2,0,2,4,5,2
60,4,1,1,0.4791818776297309,6,29.44042242861287,0.9514298103618324,0.9017740285462288,-0.1525163617963554,0.3644256117033713,0.49295697165586,0.0966945597875671,0.2997401201888801,17,1,4,aggressive,3,0.6085715931739742,5,1,5,2,1,5
25,2,3,3,0.0256420658064356,4,12.569765051565184,0.994819293965951,0.2034727424975958,0.1922272908242894,14.090356445789617,0.3301559503156044,0.7204567414627562,-0.0154274968004355,8,2,5,conservative,4,0.9709047114498696,1,0,4,3,5,4
38,3,3,3,0.3412478276261563,7,37.036024193470325,0.7117228057460487,0.0669736120252715,-0.1141216450146578,6.208366795622631,0.1068007040023636,0.281825003295472,0.0060682964733422,57,1,3,conservative,4,0.3736056595340591,5,1,3,4,1,1
56,5,1,5,0.380195618785857,3,17.560309715442482,0.981143731791822,0.8773504531328387,-0.1731063279637755,-7.621591461064248,0.953402879382095,0.184301396950099,0.1651439150538663,42,1,1,aggressive,5,0.6814606125171713,3,1,2,3,3,4
36,1,5,5,0.3988227808969005,7,13.21256212786718,0.5695397795671037,0.3894049389788753,0.0379389518007638,6.975516809397398,0.0602269449002974,0.0393618798197294,0.2861794538402485,98,5,2,balanced,2,0.0635357224239185,3,0,1,3,1,2
40,5,4,1,0.5801723692273323,4,31.477785078312763,0.2595417831760903,0.5417609642675633,0.095546670853213,17.240556362649873,0.2976502775682804,0.0218467119862018,0.2663257392762975,9,2,1,aggressive,3,0.3962473468164059,3,1,4,3,1,5
28,4,4,1,0.5336025467268785,6,1.3248421504648284,0.4369958856656208,0.9680658120507588,-0.1870226215811252,1.889378764946617,0.2980662011700041,0.7744856031197909,0.1011502080262339,87,3,2,conservative,2,0.9638176611881804,3,1,1,3,1,3
28,5,2,4,0.6079050927934446,2,1.4521779263042944,0.593560935378786,0.0665647279142228,0.0634870554908088,-1.1102259430059984,0.3204012861402149,0.13443342736955,0.2180441130106899,35,5,2,conservative,1,0.5389808744501206,2,1,2,5,1,1
41,1,5,5,0.7648832615421283,6,13.925059737009608,0.0730815620270149,0.6483180074520956,0.0129167503805817,-5.695916289459398,0.1642868432724092,0.4677206159711509,-0.0457016587600395,71,3,3,conservative,2,0.2878795033348446,3,0,3,2,4,4
53,4,3,2,0.8129857387160935,7,3.166560387548447,0.6223432646172461,0.074105422574867,-0.1586939964499806,-5.456634341939281,0.7831614309236972,0.605896815179483,0.2909752736816049,79,2,5,aggressive,1,0.1202709631286068,3,1,5,4,1,1
57,5,1,3,0.7181230762264944,2,7.373519493710791,0.9811778367622944,0.3754689284665004,-0.1309904492214552,2.9831445302545667,0.1224978619659892,0.4283518005688462,0.2857412936143946,53,1,1,conservative,4,0.7035283401815304,2,1,3,1,1,5
41,4,2,1,0.9555236959549348,1,20.992778310986346,0.1901076497837276,0.8038145451934468,0.0271897189264322,7.870394724845887,0.6349066591531628,0.0271066523362331,-0.0345084168483316,54,4,5,balanced,4,0.6448560434297268,3,1,3,5,5,3
20,2,4,3,0.0182325826763616,5,48.35255509520896,0.7925951162883833,0.4334722327556344,-0.0814569545946846,-7.5815378449119475,0.1238460267058174,0.7835015025879088,0.0197692499212426,84,4,4,aggressive,5,0.3739387136037746,5,1,5,1,2,2
39,2,3,3,0.1957779856835461,6,34.75086995878875,0.9078987937796194,0.9971823539029504,0.1753262914605264,18.18705767075497,0.0705356375929565,0.0105132245416534,-0.0599380009972932,25,2,3,aggressive,2,0.9509413518658344,5,1,4,1,5,5
19,5,3,4,0.0075628749781421,4,31.24739583142857,0.9437015928202208,0.5590592849466022,0.1274960917936203,12.654008523355875,0.9094295036858764,0.761889894377484,0.0086870395592718,67,4,3,conservative,2,0.0222028129878503,4,0,5,4,3,3
41,4,1,5,0.647474714154603,1,18.315840569279175,0.9601356044054472,0.3211621526359535,0.1934268826054652,7.598717548509882,0.1901287663187056,0.8933044937881227,0.2263823157660826,62,3,4,conservative,1,0.3037238516318258,5,0,1,2,4,3
61,1,4,1,0.8980305489499869,5,55.97346944653616,0.5214596387214719,0.2201113259047531,-0.0961316644198344,14.853160128169726,0.8212501545597043,0.4328399210571723,0.0513262428661037,55,4,1,balanced,4,0.9210694862995814,1,1,2,3,2,5
47,5,5,3,0.2434822965762992,4,24.42388743299431,0.9773079079915036,0.3505205342861618,0.1878894531191908,-7.594397295636601,0.5446308711071358,0.5355424730977982,-0.0646412131412966,46,2,4,aggressive,1,0.3209354383194404,1,1,1,5,3,4
55,2,3,1,0.9270345447963066,3,6.138473240950518,0.7573102071344389,0.3725332737595508,-0.0275064520833768,4.305166331993732,0.0778565196087696,0.4769833926176537,0.0368902099115618,24,2,1,conservative,4,0.2522528338551704,1,0,1,1,3,5
19,2,1,2,0.0602673902895608,4,37.40692445095028,0.1616714362369619,0.0687136777239609,-0.0609924818744981,8.902793805849903,0.9554481914380676,0.3892086186234388,0.292553333696512,98,3,2,balanced,1,0.5342204099312473,2,1,3,1,1,5
38,5,5,4,0.9344360268055144,2,7.716465215119483,0.47690010646797,0.3695741994267731,-0.1798601892122587,14.859587183548676,0.2469611669918925,0.8874245353703603,0.1518734381036811,46,4,3,conservative,4,0.8238017499205379,5,1,2,5,3,1
50,4,4,2,0.3516226872396344,2,21.368165425299832,0.718331175372004,0.4642385197392249,-0.1788938968561589,13.504086801478032,0.8596453453526065,0.8939335106699905,0.0664643785624631,22,4,1,aggressive,1,0.103146760878361,1,1,3,4,1,2
29,2,3,1,0.1014208284492165,3,30.937304384350725,0.2473403158190833,0.7227377522388047,0.0768045023786618,-1.6879225085980103,0.1688100057845641,0.3358163646415345,-0.033384594601092,11,1,5,conservative,4,0.943020709645736,4,1,4,3,5,5
39,4,5,1,0.4858717591863256,1,52.57912895642537,0.6406151835488874,0.656729484721608,-0.0168284022263888,18.22640508677613,0.8539428821418529,0.615069754014698,0.294470718913478,48,5,5,aggressive,1,0.795072881181164,2,1,3,2,4,4
61,2,5,5,0.2567765677205079,5,30.119248240067,0.6666004790466192,0.7087656552291542,-0.1093913495855577,-6.269624757073889,0.0132288129052939,0.926907562145864,0.2283396037052515,8,2,3,conservative,2,0.1812502555515519,4,1,1,5,5,3
42,2,5,3,0.2848729019619228,4,42.43326719586819,0.1626997438085659,0.008363681876857,0.045588122530093,16.254008558634563,0.5117804565694807,0.9620584989413516,0.0125909209803677,39,1,4,aggressive,5,0.7120079611981627,5,1,5,1,1,1
66,3,3,3,0.3072899649262866,2,59.57619350094515,0.5650853124527563,0.217667399580536,-0.0988567526999555,19.12820748813856,0.7694425794215568,0.5089590404220475,-0.0719725217115242,35,2,4,balanced,1,0.3849587226375571,3,1,1,5,5,2
44,2,3,2,0.8030258978326634,1,8.757858073980916,0.7716269109786077,0.6616842883998565,0.031052701737769,-4.6853943033212335,0.9347955174927832,0.4528248052843268,-0.0773497770489767,49,1,1,aggressive,5,0.4022946780763187,4,0,3,2,2,4
59,1,2,4,0.5391612766752545,3,17.20916000565165,0.4988956645359419,0.4839893681797471,-0.0563165012069238,11.661981926113558,0.909202136206487,0.2786943159285258,-0.0518487401977864,46,5,4,balanced,2,0.7832900924388664,3,0,1,4,5,1
45,5,4,3,0.3113076991560036,7,24.279988460261137,0.0121031167761074,0.0053134756683459,0.1294208906447276,-8.791434436660046,0.8196248695476449,0.95887187319041,0.1323074334457686,38,1,3,aggressive,2,0.9627848079807322,2,1,5,5,1,4
33,5,1,5,0.6103337833109184,6,25.88786253379105,0.0090384690792921,0.8044946424318223,0.1282784643067117,2.162684754174649,0.8881913496613041,0.1428143044728673,0.271505368482197,8,2,1,balanced,4,0.1266558728471939,4,1,2,2,3,4
32,4,5,2,0.7161506742231936,7,25.2502434406672,0.3570293439700122,0.7728095732903374,-0.0090598407510394,5.48849897593022,0.1992196858370765,0.579829576047725,0.0986973712023938,54,4,2,conservative,5,0.4206302368788194,4,1,5,2,3,3
64,2,2,2,0.2726240007335337,7,54.54904915083674,0.926194068431782,0.5484191629935626,-0.0596723562659937,7.419356777289021,0.2841842957117287,0.2825502675186389,0.2371781929824788,37,2,4,aggressive,3,0.4809416080843035,2,1,2,4,5,3
68,1,1,5,0.4135491015253515,2,43.12792602354453,0.2286767796036087,0.0664633257762721,-0.0549760813763622,18.078117447456783,0.2889685249210585,0.2790082903477966,0.0783546479439231,91,3,4,conservative,4,0.3763118169549976,2,0,1,2,3,3
61,4,2,4,0.1218860933369475,3,36.86640763135152,0.6343636888716871,0.7665150495325846,0.1222858102672871,10.16752061882584,0.3770539310016988,0.4049685873761884,0.18343341830713,92,3,1,balanced,5,0.363189123716225,1,0,4,5,5,4
69,3,3,5,0.1811493495346803,4,19.252990353904146,0.2220758706933205,0.583713587731364,-0.0687282068809552,4.43833853657711,0.3933206703851887,0.9987929358156544,0.1927490949146003,40,3,5,aggressive,1,0.0522686675615965,5,0,5,3,5,1
20,4,5,4,0.6811178539649828,7,49.60363266905639,0.3216699896595486,0.7819599771579592,-0.1163762505172616,14.290251087976678,0.5445553246546755,0.054966306839822,-0.0304145176386645,34,3,4,aggressive,1,0.6855386205626233,4,0,4,1,3,5
54,4,1,5,0.1814383476956269,7,57.34857017761435,0.848042089601484,0.7517469923958404,-0.1661246632498773,18.515984628632268,0.1598797633664413,0.5785418182035315,0.0444864235903247,96,5,3,conservative,2,0.4362144171200454,4,1,3,1,3,5
68,2,1,5,0.5251633836670602,5,49.45069867046337,0.7288614422699469,0.8030020719578371,-0.0133227516462366,-9.338015539531275,0.6912466637859893,0.0825721580352771,0.1549208626152095,79,4,4,aggressive,3,0.1947938026439267,2,1,1,2,4,4
24,3,1,1,0.7090462617224327,2,1.0923412062969011,0.0953992773132106,0.5180080664046248,-0.0071471604320632,19.47563816768116,0.1675665393045065,0.1545208299905189,-0.0717213567262535,17,4,2,aggressive,1,0.8160335023020684,2,1,4,1,2,4
38,4,1,2,0.1068769230947438,2,38.547680840821016,0.4287020209864336,0.140324518193515,0.1363634841611629,-7.41603582808959,0.3103084821045475,0.4395629417728987,0.0446160751051826,33,2,4,conservative,5,0.8025607481516279,5,0,5,4,1,4
26,1,1,5,0.5673122196289035,4,4.016987505083943,0.0291697636452644,0.6711574733796887,-0.1115045214215744,14.43160337806284,0.503345130606154,0.5104601313464413,0.113919786512477,47,1,5,aggressive,5,0.4863916280888938,2,1,2,3,4,3
56,1,2,5,0.2565627837013637,6,16.19882599968959,0.480890146603009,0.6204737850519706,-0.04760349053264,-1.5899574234576246,0.7964405615234773,0.258792408364524,0.2984897972178555,52,2,4,conservative,1,0.2984506611477605,3,1,3,1,5,3
35,5,5,3,0.9629268752375798,1,4.51195732051853,0.6624340117010681,0.7422531871990872,0.1233622955574764,-6.034610267383847,0.7394692332387273,0.3164571308744162,0.0898134250489763,80,2,1,conservative,5,0.6380927257964524,3,0,3,2,2,3
21,3,3,2,0.4835456467199247,5,36.62393172401388,0.1185026235981515,0.1698810060507353,0.1294494442995894,3.195669191415046,0.6455343564105223,0.086967020255933,0.2264227028457294,93,2,4,conservative,5,0.288152135777403,3,0,1,4,3,4
42,3,3,3,0.8059925497751581,2,41.5088048960638,0.2888849389091656,0.1949751999002892,-0.0461555696084927,9.318697383428407,0.1557732605801701,0.3032197838442505,0.0728269140266471,9,2,5,conservative,2,0.236007930323712,3,0,5,1,2,2
31,5,3,2,0.5502265421562618,5,7.754770645888402,0.3978366255021569,0.8904095172193285,-0.0163503906853276,1.4285553507042508,0.5470453456155777,0.966558439380544,0.2185562890478835,33,4,1,conservative,3,0.7305146540263266,5,0,4,5,5,2
67,4,3,3,0.0434125328548191,2,23.64649409965379,0.9195310246560496,0.7499777984520708,-0.0786856436602868,-8.36303775151903,0.0874465017998854,0.9447073816724816,0.1381659206480433,60,1,3,balanced,2,0.0403252397209507,4,0,5,2,1,5
26,3,2,5,0.6331513755940223,5,27.91795402837698,0.993255015422964,0.9082284887003228,0.1730219513677248,7.983834189761499,0.3773631767966507,0.334878290136985,0.2546381766009593,93,2,1,balanced,3,0.0947684710345939,3,1,2,2,2,2
43,1,4,5,0.951403342206657,3,22.77412828389408,0.0449112989956158,0.7587153211639207,-0.1525424937033679,17.07209828332024,0.4135165302899591,0.5708539362787616,0.0643770209400439,77,4,2,conservative,5,0.0067881740235897,2,1,1,1,3,5
19,1,5,1,0.6016118201463312,7,8.14047502862639,0.761007923495392,0.5971553059903019,0.173499769200588,1.4964609784175504,0.0398114394457538,0.9095953911109445,0.1417217679285915,21,2,1,balanced,3,0.1529431864754261,3,0,2,4,1,2
37,2,1,3,0.8191888594267902,2,25.71791962106105,0.3717240664023432,0.6541327370278737,0.0735465807341372,-3.510016671075189,0.2739880994699718,0.0061838226408966,0.1520074722475309,58,3,3,balanced,5,0.0689900087104594,5,1,2,5,1,2
45,3,4,4,0.8842064633484078,5,45.31950482069667,0.39245818622948,0.88912792394001,0.0126288610746924,3.277320377984461,0.9556494672664894,0.8106835703375919,0.0669531767201893,85,2,4,aggressive,5,0.9958023677799186,2,1,4,2,1,1
64,4,3,1,0.2280797719489324,1,5.189452207462073,0.7542649733470227,0.5788067545119405,-0.1869363756862016,-8.549118668536574,0.9536326078296896,0.948369552788919,-0.0422751825250073,69,2,1,conservative,2,0.2888099699540896,3,1,2,4,2,1
24,5,4,3,0.2120448399082266,3,5.730620830832304,0.9184264321454086,0.6323913243283874,-0.0097615232711966,14.614627534408244,0.3523270542525393,0.091325734333557,-0.0625762372350657,10,5,1,balanced,2,0.1492680126692472,4,1,4,3,5,5
61,5,5,3,0.6109809888509917,3,21.93150621832307,0.9509285945025484,0.1564767160036005,-0.036900757998907,14.790224328505602,0.043100108948324,0.161447686032921,-0.0933313797601467,6,3,1,aggressive,4,0.2409962579959179,2,0,4,3,5,5
25,4,1,1,0.4110284698067047,1,56.56181698551658,0.5771225860383208,0.4739212201161027,-0.1355124752099509,7.640013902888853,0.1790949393281815,0.9607463027713554,0.2494137056980858,13,1,1,aggressive,1,0.9361255715401346,2,1,2,3,5,2
64,2,1,5,0.8398613028667203,5,40.44578615665193,0.3571211593005028,0.716397111958099,0.0625638414002627,0.5930866681516846,0.3922177934335401,0.5375401436403463,-0.0054100351045221,65,2,3,conservative,4,0.5201602230243957,4,1,4,3,2,4
52,5,5,3,0.9000231233980112,4,41.041527443681325,0.7875490858587793,0.2709426983163654,0.1884603629473143,13.9935009333735,0.9477796979692298,0.0141966344717237,-0.0153973002872927,20,1,5,conservative,4,0.3648180963078569,2,1,3,5,4,5
31,3,5,5,0.3534213793027181,1,22.353279459434034,0.2510013832623002,0.2022541805245349,0.02487552442581,6.640610743651017,0.1411990635371849,0.2576319987635291,0.1944141601704262,57,3,5,aggressive,3,0.8733914579092193,3,0,5,2,5,1
34,2,3,1,0.236870558974482,5,36.02598668130377,0.5640740288335178,0.3138268082244155,0.0859013105775783,14.777969256500487,0.7635158436682122,0.4499436742688596,0.0280064452349567,46,2,1,conservative,5,0.3949902705490324,2,1,2,1,1,4
53,3,1,5,0.7805255152438618,1,1.597739857636859,0.3585784615248731,0.2415006279928334,-0.1726198189735933,8.94376377749062,0.108682539374692,0.6929089110247677,0.1024178769647346,8,5,3,conservative,5,0.3350085699576958,3,0,2,3,3,4
67,1,4,2,0.2748060355481361,1,38.52966673816299,0.6566310737078761,0.2149126370363958,-0.0329332016732021,13.53216419638392,0.9812575773912768,0.7331603781367996,-0.0349955738810174,10,4,3,aggressive,5,0.2072825225497355,4,0,3,1,2,1
57,2,2,4,0.8226143185136784,2,54.88392990699797,0.2403989128935069,0.4248508428680869,-0.1534566059342016,7.956889796532799,0.381616499109135,0.995421512925456,0.2838982885847877,73,5,1,aggressive,1,0.3777968239094115,1,0,4,2,5,4
21,5,2,3,0.4237382536487628,5,37.141834632344334,0.1915929457348257,0.907838513883534,0.0451183342146041,2.424232046469987,0.775234538899056,0.287511199383759,0.2406325600068949,67,5,2,conservative,3,0.316684356016926,4,0,3,3,5,5
19,2,5,4,0.6675498992914705,4,52.54821701451436,0.9182390866754372,0.5070596467387183,0.1753928632856618,18.738375797784126,0.3425910828111318,0.5382201018684752,0.2455158491860013,11,4,1,balanced,3,0.677303959298141,3,1,4,4,3,4
23,2,3,5,0.0955353138346681,7,43.714410272499535,0.1018036829495369,0.187920380815323,0.0647110929886554,6.233414746365341,0.6276688771588087,0.533323547859605,0.062709499428802,12,4,2,conservative,5,0.2895827046707271,5,0,3,5,2,3
59,2,2,3,0.623859324676573,2,8.112946567817724,0.5059579077349317,0.076971669380874,-0.1692787806742314,8.152685556216152,0.1920160847400367,0.4056452594472375,0.2049444854828691,10,4,1,balanced,4,0.5771997464225614,4,0,5,3,2,1
21,2,1,5,0.4517676787372291,1,54.24474512986466,0.2208527829630089,0.6961561451379252,-0.0581335180059668,-3.385370817557522,0.1460210192969625,0.1691618938424202,-0.0424495378440879,25,2,2,aggressive,1,0.0658921650319727,5,0,3,5,3,3
46,3,5,2,0.5866084631754741,7,4.920186816990718,0.0389299633256674,0.3827987644363878,0.0202653517763406,8.769523682818296,0.9380641395681312,0.9774565631838426,-0.0965523989632878,49,1,2,balanced,4,0.1912891566965143,5,0,5,3,2,5
35,1,4,1,0.1680142077448634,6,32.504080880318064,0.0360188182914263,0.8218309465853593,-0.0387168975466991,7.148229484488315,0.9176472779044336,0.8533171866665861,-0.0920108269687887,49,1,1,aggressive,2,0.4074052716113487,3,0,1,4,2,3
43,4,5,3,0.7368737449441821,7,9.386090303814004,0.1752217721058273,0.6595107686407702,0.1334576041900689,-4.454848061589251,0.8874689402128824,0.4983330282942372,0.1346406949618241,89,4,2,conservative,3,0.9369492539086954,3,1,5,3,1,5
61,2,4,2,0.8627970775432285,1,1.69069003312334,0.8667703545060003,0.7962414505413685,0.1258684018839956,-8.212387079405689,0.6254334501665935,0.6032454226840298,0.0821579620991763,11,5,4,conservative,3,0.3772519857156954,1,0,1,4,4,4
51,5,5,2,0.2167398000907756,1,25.9000213475307,0.2824787439770266,0.2719460394184487,0.0447324080412885,8.130779591443133,0.8082682112162782,0.2272610535596623,0.1072061395634079,62,3,5,aggressive,4,0.6640741211998341,2,1,5,2,1,2
27,2,5,3,0.0957145555201617,5,18.40740175159522,0.9504591705752956,0.6923589224610581,-0.0506168219469179,12.910768080509616,0.0690369369113749,0.5437870703917469,-0.0970147438331122,36,4,3,aggressive,1,0.2550872224213981,4,1,2,2,2,1
53,5,5,5,0.0236385860463363,5,29.67402913405858,0.5816222929891935,0.2640619846937188,-0.0978654504947023,5.702041127660246,0.3347890418906791,0.6949701331214758,0.0690746478629703,39,5,2,aggressive,3,0.1270335759732317,3,0,2,2,5,1
31,3,4,2,0.641971500443266,2,35.0547933173385,0.4366141897687661,0.9390684794502916,-0.1576502727147483,-3.196821240410629,0.3137031247571562,0.5151670283865888,0.1872272644803443,53,5,2,conservative,4,0.0585366000800501,4,1,5,1,2,4
48,5,4,4,0.6070940360887808,4,3.580605266227894,0.5800888346694546,0.6363742815333744,-0.0580409266053783,9.995659300791049,0.6356453219526133,0.9902851705849413,0.0770774807869743,90,2,3,conservative,1,0.3054134985427513,5,1,4,2,5,1
65,4,5,2,0.54669741271407,2,8.257194412300993,0.5166983852262678,0.3245118001753421,-0.0347309931169121,-7.596828201711933,0.3559577734706405,0.6113416562477262,0.1928876825248889,78,2,2,balanced,4,0.1576610267969079,2,1,5,3,2,3
32,1,2,5,0.2319470961159754,3,33.9599013905751,0.7587762537573252,0.2695118622922726,0.0703291700416294,3.2550111440586385,0.1485067816436808,0.370973712592169,-0.006792414241266,56,1,3,aggressive,1,0.1740104480161242,1,0,4,1,3,1
25,5,3,5,0.3909059959055146,1,21.24687383718684,0.2824960659728522,0.1909265850716435,0.0632639297190293,-5.098997248047395,0.5964670754135437,0.7721520276158381,0.2252568017926902,1,1,1,balanced,5,0.76075930838695,4,0,1,1,2,5
31,5,3,4,0.594476335186173,7,44.02123576541743,0.3530503916003024,0.6946409588937278,-0.1719567441434972,-4.466228468203499,0.8143839206690815,0.170462511581642,0.1353724961813809,56,3,4,conservative,1,0.0158380709448742,2,0,1,2,1,1
40,1,3,2,0.4967668588591694,6,39.48520726692444,0.8940943025332507,0.2187156129979273,-0.0418962738275368,-3.93118152525389,0.3821234944599732,0.3845158137062665,-0.0156947602280375,4,3,4,balanced,2,0.5578101257354344,1,0,1,4,5,1
57,4,4,5,0.9877855202148872,1,50.8906574164045,0.9464565131504056,0.5953032659274891,-0.1272884531130552,1.601211711319337,0.1322687150984817,0.3469589503775858,-0.0053118096584668,30,3,5,balanced,5,0.3794613805934648,4,0,4,4,1,2
38,2,4,3,0.1364397525567331,1,41.857076773484295,0.8925582274864745,0.2646350269253573,-0.1372749178732777,-8.465493831388072,0.196688197312823,0.4318070951077772,0.1512121858278148,12,3,2,conservative,4,0.5065499999085472,2,0,2,4,1,1
33,5,2,1,0.6951445540475938,2,26.36593356601874,0.4194479939573136,0.6619689447938686,0.1309208598948983,1.9338032278729465,0.2374833051693839,0.7817798259287263,0.2319758372849773,35,5,5,conservative,5,0.5628302372146029,3,0,1,3,2,1
62,1,3,1,0.4043187681042921,6,40.70503072127151,0.7803655030068817,0.8149397285405392,-0.183233913313497,5.351223413441025,0.2998975929945362,0.4841730321634074,0.066251112811662,77,5,1,aggressive,5,0.3133676944572782,4,1,4,2,2,2
35,3,3,1,0.4281996149256147,6,17.247489281069694,0.4763357333010988,0.7780252431446532,-0.0323268496391514,4.498828548989756,0.6427950705063091,0.7940144502659627,0.0033201716510368,52,1,4,balanced,4,0.2951088601842853,2,1,2,3,4,5
64,1,5,2,0.7175977656581762,6,19.072496427914547,0.4975398521461022,0.7608513309307817,-0.1327185376933927,1.4835230120912168,0.600945484537719,0.5764889031398659,0.2468046427642401,31,2,1,conservative,4,0.7334018493349057,1,0,4,2,3,3
41,3,4,4,0.6924361513243696,2,47.55012443532681,0.2046801090572839,0.187722405692252,0.1517320862713896,15.174398242122574,0.6960798615670392,0.3420694346575553,0.1677073167003339,87,2,1,conservative,2,0.8712769881211572,2,1,5,1,4,1
43,4,3,5,0.9912559937021884,1,27.33875146769335,0.5911303032585165,0.0883849469845187,0.022816205310014,-5.640199227384876,0.3625019845315131,0.8099787436834724,0.0792341949132306,68,4,2,balanced,4,0.1925816324585278,3,0,2,2,1,1
42,2,2,3,0.1283942894541252,2,48.1044400905828,0.1861358977533479,0.6989488284873856,-0.1074477454492607,5.17090231344122,0.8239976518799783,0.2382896705530915,0.0951600781117207,52,5,1,conservative,3,0.0976187605351489,4,0,4,5,3,3
62,1,2,3,0.1041096493841663,5,49.522920046428425,0.3315646990671937,0.3683472137943513,0.0009709148665505,-8.138757491303371,0.2040876611557602,0.2243829797997955,-0.0182974128254414,80,3,4,aggressive,3,0.8977958063920259,4,0,5,1,2,4
58,5,3,2,0.7243388171287412,5,51.59617792201574,0.8550302016199351,0.4323462264033473,0.0925945438812463,-7.865329633662707,0.4690407475181539,0.5045029240548358,0.1507210520259375,7,3,5,aggressive,2,0.3498954636473986,4,1,5,1,5,3
46,4,4,1,0.5783869170064091,2,55.081478914631234,0.2070758092108552,0.031149092793391,0.1832472035677735,7.215975490312889,0.8009387215414303,0.2608492459620889,0.0434970042171554,22,4,4,balanced,1,0.5513173906628142,3,0,4,1,1,2
32,1,2,2,0.2741606665598058,6,26.42812801028448,0.0711582851734328,0.2595764492750492,-0.1118215983018324,6.980552746634629,0.1801586477326192,0.0090870349512163,0.2982580706697397,93,2,2,aggressive,1,0.3595431445200034,1,0,4,1,1,3
62,5,5,4,0.0794193689889866,1,19.81314228094719,0.0690075926128163,0.033676403874464,0.154472708851738,16.34100538533371,0.1098631137407829,0.6482975272988015,0.0920734061047551,75,3,4,conservative,3,0.1258023363460513,4,0,5,4,1,2
18,1,2,4,0.0856582495964305,2,35.34972604905272,0.940784520503108,0.8791857726012476,0.1737216456669961,6.736210269802196,0.8836839676879897,0.511093821472398,0.0943542424758452,56,2,3,conservative,4,0.589331644947728,1,0,1,4,3,4
42,3,1,5,0.8941908746641183,2,22.899172982820023,0.5069204379618346,0.2433966832185304,0.1665682178128265,18.793730612145502,0.3429296627591959,0.4455178144931612,0.1263407149642687,97,4,5,conservative,2,0.5251408517696297,2,1,3,4,5,5
24,1,1,5,0.1918673247187429,2,36.46337584121375,0.4094120718170183,0.557337169573008,0.0541657427447639,-8.539154548002108,0.683870124909032,0.9669685146183152,0.2667024012474986,58,2,3,conservative,1,0.2029935591911972,1,0,2,1,4,1
26,1,4,4,0.3233715621155207,3,42.62956589598565,0.8108785810079184,0.0389793206611304,0.0519282617738831,-7.059769456577768,0.0253486042639384,0.5711991839629137,0.2203272399439001,93,2,3,balanced,1,0.4518690446522778,1,1,1,1,3,5
41,1,3,4,0.226656402226988,5,41.61589609103608,0.835825927910516,0.6668473913056581,-0.0387157467264708,-8.678024152888558,0.6900468884094496,0.8634315777893845,0.0804520279191365,64,2,2,aggressive,5,0.7969475040156458,4,1,1,5,5,2
18,4,4,4,0.3549963058319373,7,23.09862033418716,0.3321910331156046,0.3230273457540938,0.1009591529215152,-4.441694489993799,0.3161013115469705,0.1394502362051601,0.1874797063891184,12,3,1,aggressive,3,0.5904261031078913,5,0,3,5,5,3
61,1,4,2,0.0694238427460933,6,10.844751900226417,0.6936180574737952,0.8979191869576658,0.0125176073403727,6.238103328250343,0.0557408535874417,0.5692064631294277,0.1344941995123046,7,1,3,conservative,4,0.0969173270669948,5,0,2,2,2,3
25,5,4,4,0.5190597909082704,4,26.401230969270244,0.7711228158518866,0.8881181889340358,0.0709752284913177,9.36716544282284,0.609812761548117,0.8679796267309029,0.0969468194804995,55,5,4,balanced,2,0.5480214972291351,3,1,4,1,2,4
41,3,4,3,0.0676125635922149,7,9.413054500832615,0.6546506868659545,0.3252906183617478,-0.0286168384604818,-8.632445261539935,0.2408038160731732,0.583105757279898,-0.0230736908862597,62,2,1,conservative,1,0.7027382992895869,3,1,1,2,3,4
28,3,5,1,0.8003565078223616,6,53.51572507584469,0.1515950748000993,0.900960895690468,0.0925985856172556,18.37912669536798,0.38680724205188,0.7180141781270015,0.0855745053819563,90,2,4,conservative,5,0.7927034057807514,5,1,4,1,4,3
68,1,5,4,0.233712081910433,4,21.406770183533588,0.875883083517057,0.9961576734987788,0.1297886070418196,15.26496129951143,0.0805808122865135,0.3720435678122074,-0.0016725651909701,73,2,4,balanced,3,0.6291175786342668,2,1,5,3,3,3
34,4,2,1,0.5400119146045106,3,10.113125086176105,0.5390945527360087,0.8254156641239481,-0.1414254973588735,-1.1016255352872069,0.1471632510949453,0.0924495170370666,0.2659368599406618,98,1,1,balanced,3,0.1526581645407837,4,0,1,3,3,4
25,4,1,2,0.8800790875614583,2,2.5014178344393017,0.2824724263700037,0.844871347755229,0.1331718862296912,-7.684374093205961,0.2979772354958437,0.4579002951270714,0.0341627253985387,77,4,1,conservative,2,0.7101732665901607,4,1,5,5,5,2
52,5,4,1,0.6508773690471942,3,39.10352079090257,0.4252281854376939,0.2490087361090899,0.0161186127161228,-4.903387803428282,0.0897595005601571,0.3944793908388575,0.2809056058133489,55,3,4,aggressive,1,0.6773418460815164,2,1,1,2,4,3
52,1,2,2,0.5329577865513353,3,38.57723672982985,0.0375710903989073,0.5767023988577563,0.1378663636360897,-6.191667587350819,0.9108262646863152,0.8670601823789473,0.1132221160378844,36,1,2,conservative,2,0.0244268829406332,2,1,4,3,3,4
50,3,1,3,0.3243337531153756,7,21.09564582829621,0.1278668012224175,0.0672559139673678,-0.0274793174635941,-6.301486621031595,0.0060470431839784,0.2439953023524722,0.1526177514704641,89,2,5,aggressive,2,0.4117476675902431,5,1,5,3,4,4
22,4,3,2,0.3330019130581979,1,5.23100144201141,0.7655467505158609,0.0949179368216697,-0.0483838058467859,5.556850659972017,0.4838602188643114,0.966734227535108,0.1171761777957311,24,1,5,aggressive,5,0.3329502469623733,3,0,3,5,3,2
59,1,5,2,0.6694869551981901,7,25.16810479881869,1.1634755366141114e-05,0.9988926120332906,0.1660242930068889,-2.624576725197992,0.1232474581325514,0.958138119804496,-0.0482477532133196,44,1,2,balanced,3,0.6694120642536434,2,0,5,5,3,5
56,4,1,5,0.9941393612211676,5,19.36183220874022,0.4165658284822922,0.3266392494259109,-0.0995322929806394,0.7441914958743325,0.3076790894779485,0.2476316430714387,0.0503284876031764,17,1,1,balanced,4,0.2161358123109207,3,0,1,5,1,4
58,4,3,4,0.6618391898493786,4,40.95011774436555,0.5225101810855884,0.7481839120488464,0.1376849301144572,19.685160001529677,0.9260595598182656,0.3480519554773205,-0.0603415550889504,2,4,4,conservative,3,0.5908719229742585,1,1,2,5,2,2
45,3,1,4,0.5577834173700249,2,36.74097571770873,0.0546344200009722,0.8066650530268165,-0.0063917709962383,10.529427467760344,0.1616945532739868,0.895555740873885,0.1491816176733527,13,5,5,aggressive,3,0.9132059618141724,4,1,5,3,3,1
24,2,5,3,0.7306505102392461,7,22.51102996365486,0.9730781629723328,0.8580232710072292,0.0056381770205038,18.46942001141004,0.9658323197183326,0.9666222208961076,0.0787496780801755,31,3,4,aggressive,5,0.7978023722086077,5,0,4,1,5,5
26,5,5,3,0.4652056122837181,4,13.855660701044416,0.2261253312496719,0.9976282974021564,-0.0766126874042064,-5.723303349006532,0.2057943769894217,0.443439102836044,0.2111939886283747,93,4,2,conservative,4,0.9214577362165304,4,0,1,3,2,1
25,5,2,4,0.0601423426007852,6,59.29412200317992,0.3041987196362808,0.2414964852568678,0.0292168802476062,1.464184244977078,0.7415661084668296,0.3209970456408978,-0.011811807600252,28,4,4,conservative,1,0.97850596693269,5,1,5,1,4,1
29,3,4,5,0.5622968158779098,4,27.78609565057078,0.3039425122550273,0.0403508268596997,-0.0699155214895154,6.641954098470627,0.5466772648973117,0.526094013251542,-0.034173576628266,60,5,2,conservative,4,0.0106701270061627,1,0,2,3,3,2
51,4,1,4,0.9576252845053802,6,41.60817991103399,0.2304166621173499,0.411191517994586,-0.184292234303339,-7.6972581433378595,0.8844787275967592,0.6877692063657348,0.0625328923855071,27,4,1,balanced,1,0.6227412763774776,4,1,3,3,4,4
50,1,1,5,0.1753029423576596,7,9.292625087123286,0.0014738220863114,0.1300806698289469,-0.0912005578622575,-9.874376691161263,0.5539932555031309,0.2734745153749798,0.2706341532873525,15,1,2,conservative,4,0.4128393977589064,1,1,3,5,4,5
65,4,3,3,0.6900048908206657,5,29.64979227990447,0.7293447940879964,0.0224258891620551,-0.1974483826373637,10.113030013907526,0.5345592191563087,0.7364731746190728,0.1841687260049647,95,1,2,conservative,2,0.8598544903351217,5,1,3,1,5,5
40,3,5,1,0.2009336886590564,7,2.624666472298464,0.9668454997992854,0.3604268271414861,0.1913419148227426,9.25458550404306,0.1954580003683999,0.051657357114641,0.0675694499171674,79,2,5,aggressive,4,0.2518147020091317,2,1,3,4,5,2
41,5,1,3,0.5358276844730813,6,30.821851956716547,0.224293483285045,0.7837382510752364,0.186298883927899,2.323664299988353,0.1662293620516587,0.0492944927644164,0.1069088679017242,33,4,4,conservative,5,0.981029489115076,4,1,3,4,2,3
54,4,5,3,0.0966764496467196,4,57.87702701994444,0.6630471918034224,0.5661806912250709,-0.0419378810110779,4.68932228096098,0.9164891511155142,0.3862877051455452,-0.0663147955291606,20,2,5,aggressive,1,0.6137079695437473,1,1,2,1,1,3
52,5,1,2,0.4503709362581851,4,23.668196066162213,0.7418963269587151,0.312777989210354,0.0913483417358583,2.463290017762688,0.327838198850034,0.3534731920607206,0.2938303585504452,42,3,3,aggressive,3,0.793537402228831,4,0,5,2,1,4
61,1,2,2,0.7561633288952461,6,3.3007647419197834,0.8484253790905247,0.6543420054927197,-0.06167756063583,-9.279848654653334,0.3720822549628959,0.3156332153671523,0.1665629218779676,12,1,2,balanced,5,0.0855995528227683,4,0,3,2,3,3
57,5,4,2,0.3475715242389821,3,2.8263916642412683,0.4226291970136091,0.2320181803088107,0.0684372628343904,0.0611481865238729,0.7598236584283884,0.49101976266891,0.0141616273853689,73,3,3,conservative,1,0.183457884758865,4,0,5,2,5,1
39,5,1,2,0.664911724487218,5,23.8912188368653,0.3029309056404292,0.014381446072085,0.1221720172183916,-4.687532338081305,0.3388234824228073,0.3207335823115712,0.1343233576860977,23,5,5,conservative,1,0.7584036730342032,3,1,2,3,3,5
44,2,5,5,0.7954499607897292,1,10.441471251328448,0.3252951340230311,0.7643533864364274,0.1787024978768963,-7.047274326958938,0.9520624466390027,0.1922579184680919,-0.0562070535724024,72,1,4,aggressive,3,0.0219865220393236,1,0,2,3,1,3
52,2,2,4,0.9271778194794528,2,2.377773683362969,0.7126213330985128,0.6237430848640091,-0.0399150896601311,18.701613016680493,0.7379277689988003,0.3094695490886009,0.2863346675230335,96,3,5,balanced,2,0.8168779858937828,1,1,4,4,2,4
18,2,1,1,0.2346420818554535,4,45.61660322306043,0.816779466505636,0.76230262450096,0.113319193182419,7.980791751264967,0.59742924257342,0.974904272810235,-0.0300860048466536,14,5,4,balanced,5,0.0139490186919114,4,1,3,2,3,2
52,5,3,3,0.3993159158093081,2,28.052857524031552,0.1816139677566026,0.0389380166876656,-0.0936286197471524,11.85968852709808,0.8808951605447525,0.4111134169948486,0.1592121272220857,91,3,4,conservative,3,0.6571188390612733,2,1,2,5,1,3
54,3,4,5,0.1524160133304174,1,18.065441546386616,0.3709410081577652,0.8371196278306522,0.1961329215174593,-0.5390877020164755,0.0496059083494827,0.4447127768583357,-0.0018182149844278,25,5,1,aggressive,3,0.3650939202318058,4,1,5,2,2,5
64,5,1,1,0.9924835021583752,7,54.10490779797236,0.90194019674915,0.6195262000363033,-0.1896921604942595,1.7944138848204556,0.2570626921892087,0.57654498995114,0.1870245530594143,77,5,2,conservative,2,0.6114948527191991,3,0,1,5,1,4
31,3,2,5,0.9270009679242952,2,7.852198651831011,0.8066935196947392,0.5633953507126401,0.0414115226004483,-2.892280183098296,0.4650363342209099,0.9833407684142266,0.2107285468961124,85,1,5,conservative,5,0.6960314069891137,5,0,3,1,3,2
20,3,3,5,0.5399571302805596,1,57.39921090836384,0.9848584027624758,0.6246140481145316,0.0638023926605308,-7.091029871037257,0.226978539471521,0.241601276435763,0.169367891564573,31,2,4,conservative,3,0.3424752191863042,3,0,4,1,3,5
18,2,2,3,0.8420332943764213,6,19.52403632526381,0.7542482596820808,0.8644332468683641,0.0752182228296515,-4.629050876752486,0.7439051873021519,0.6812821105324338,0.145799784102077,54,5,5,conservative,2,0.1079624481108355,2,1,5,4,3,4
22,4,2,4,0.5209579772720422,3,53.415816666212194,0.3931952010279222,0.5869365065589071,-0.1518449684843644,13.925421358894576,0.9192080310537252,0.7159846935417241,0.2569876375808047,5,5,5,aggressive,5,0.0696458677482656,4,0,3,5,2,1
43,1,3,2,0.6235856880027597,4,36.57362971228823,0.5906378339946378,0.5809503798881793,0.1754119133892521,10.326374155513276,0.4237701199309234,0.6073244167930659,-0.0685493156040967,13,1,4,balanced,4,0.5889360225625478,1,0,4,3,1,1
31,2,2,4,0.0891244321160166,1,49.77573422474776,0.6610142542473203,0.9906791570657658,-0.1275266883799669,6.407866279564306,0.3421326001118949,0.088578339636644,0.032365906312078,28,2,3,conservative,1,0.5206553537341115,4,0,4,4,4,2
56,2,3,3,0.7552704204968079,2,59.05677662941739,0.0784558163171239,0.756730167068568,0.0491013612959364,4.2526961860030426,0.9615507321375664,0.6768722758275765,-0.0006850081476616,43,4,2,conservative,2,0.7422010091211325,2,1,4,2,1,1
44,4,1,3,0.1277134836352348,4,18.015920831306,0.5444969591038651,0.4422938054511353,-0.110929568350766,17.673028509683732,0.4448524328275408,0.0640947110361754,0.2952055848261686,89,4,2,conservative,1,0.5097355100039371,1,0,1,2,5,2
26,1,3,3,0.8260676302525284,3,57.70699363904799,0.7093208284726096,0.7073970000329277,-0.0771134331914916,-7.817951566639948,0.4890484004492832,0.5961426495498969,0.0557559118667494,99,2,1,conservative,4,0.4224457900308791,3,1,3,1,3,4
32,5,3,1,0.7820280876703859,6,23.9794317992428,0.1673213040010603,0.3892304716917885,0.0185834166912497,-1.5819756028625207,0.3516498723419053,0.7395811772217427,0.1930450796961595,47,3,1,balanced,3,0.3980871782362308,5,0,1,3,4,4
32,5,4,4,0.7087446977429764,7,23.745202379478417,0.7806317174255571,0.228875462483499,-0.0331226325741694,0.4981356071214211,0.9095484730121384,0.2109698906199504,0.1738900655524018,71,1,1,balanced,3,0.0264469025976674,5,1,5,1,2,2
43,2,3,4,0.0361603805247621,4,21.08283915101584,0.5837727805141116,0.5968518768877594,-0.1359097596093975,13.472774366383636,0.5689554832818507,0.841622007542774,-0.0151675050090489,38,2,2,balanced,5,0.3355572016966571,4,0,2,4,5,4
59,1,3,5,0.3031283559453286,7,32.943048833507525,0.9522217856975946,0.9281820981139516,-0.1316254390316606,19.77543860485914,0.7621745871816447,0.0303538055330042,-0.0044009279153794,96,4,3,balanced,2,0.9760201575244942,3,0,4,1,3,4
30,2,1,5,0.2631125699108428,1,10.09455754753074,0.0424222982068916,0.9291395200154628,-0.0327420847348801,-2.779884557285408,0.8118067183508864,0.8438128636583061,0.0125138254212136,67,5,2,conservative,2,0.8735555762270888,2,0,5,5,4,1
68,3,4,5,0.3601364074715191,3,33.66897763612266,0.2653261375554669,0.3419052781054903,0.1029131913102003,16.22922002411242,0.3418490419172582,0.4603290506427651,0.0644509113037516,62,4,2,aggressive,5,0.3293780670342177,5,1,1,2,2,4
49,2,5,3,0.0876427467638385,2,32.96058393219023,0.6015538792998241,0.527677466221695,0.1591858587391154,14.91868281295374,0.43369433132038,0.2175879399316445,-0.0062699737397892,39,5,2,balanced,1,0.5877954050663722,3,0,4,3,5,5
56,2,1,4,0.9369578230310628,3,45.95220694368733,0.2965599122059307,0.2116358985698612,-0.1663489350962468,-3.2602780707470016,0.8484717744062646,0.133778144993968,-0.0921394069012608,37,1,2,balanced,3,0.847296745535494,4,0,5,2,3,3
66,5,1,3,0.5538022407123763,3,50.18534775431755,0.7144241640712422,0.9956311094988834,-0.0427584369762395,1.979977405976678,0.3632553516758102,0.9533071675823724,0.2517572227228782,86,5,3,conservative,3,0.4412743367500686,1,1,5,4,2,4
69,5,5,1,0.3055243106580235,5,26.98603966843302,0.759005282521931,0.9811179078679356,-0.1599017745108493,2.290186078775573,0.7939351334518513,0.0726655875811567,0.2862439325523537,8,2,1,conservative,2,0.0179578637501509,4,1,4,3,1,3
49,5,3,5,0.3969815170742834,3,18.83766171173813,0.1025159640664744,0.6495089297074473,-0.1933630077469608,19.34662005579675,0.9409923225744372,0.1990934199359256,0.0366281548126271,81,5,5,conservative,2,0.07451046181864,4,1,5,5,1,1
21,3,2,3,0.4472025405048356,3,16.300758941708573,0.5138544642067677,0.8044140596774734,0.0646874730575826,-4.573242958633051,0.623210373068007,0.3478223474330459,0.0354027517701891,52,3,1,conservative,5,0.5103927213487066,3,1,5,1,3,3
47,5,4,3,0.6005943333606173,4,12.482806365587445,0.5088905555910559,0.7151001612837,0.0409797767866351,13.974739133143462,0.7416272874518889,0.6202348489611205,-0.0971632748902516,91,2,1,aggressive,4,0.9694393756758783,5,0,3,2,5,5
54,1,2,1,0.5156794276964978,2,4.401207349742468,0.369280770215541,0.5931582190394682,-0.1347923544740455,0.0257814251932977,0.8050973120411349,0.5448010852760984,0.1721002753321496,33,1,5,aggressive,1,0.6932095422188678,3,0,3,2,2,2
40,4,5,2,0.9193919732144172,4,21.204430751248086,0.932924862569672,0.0533479969888976,-0.1064748667627743,11.92611037328481,0.8450396488966425,0.1256434924123139,0.2301759582994515,81,2,2,balanced,4,0.0709161914385695,1,1,5,4,1,3
56,1,1,4,0.4969634829058302,4,16.94461383571621,0.8275063198732212,0.454764342552661,-0.1905168985421926,2.600330128869885,0.3950533378567959,0.2897279837382146,-0.0413566798559987,42,3,3,aggressive,4,0.1893608757918627,3,0,5,2,3,1
62,1,1,2,0.9921580148233128,1,58.01862576611804,0.6972093819096368,0.6747863021674105,0.1339788822777615,7.350792893496202,0.0512634591759981,0.238751771086024,-0.0361334602531397,76,1,3,balanced,2,0.77132314321685,2,1,4,2,5,1
32,5,4,5,0.8514249577450957,4,33.90482074875259,0.7143266357349976,0.6775316138836847,0.1898762384194205,14.978353199783932,0.4018762712367395,0.2135428544903413,0.2160332999885751,27,4,1,balanced,2,0.8414397599562448,4,0,2,2,3,4
60,4,1,3,0.2085105143573358,5,21.489345302799947,0.4617161438131191,0.3731226184223836,-0.1458161852821237,14.124966949516525,0.6737562297840898,0.411144336479987,0.1465162993416578,8,3,5,aggressive,2,0.6176945861885909,5,1,2,5,3,5
46,4,1,1,0.9305952146439164,5,35.247588458628066,0.920994521096576,0.9416919866580306,-0.1074099144938807,15.992695506191003,0.4503503857807928,0.7040314525916569,-0.0820557769489132,23,1,4,balanced,4,0.6444231696298166,1,0,2,2,2,1
53,4,4,1,0.116366397885476,7,9.212605379396036,0.6945954272532854,0.167357032236781,0.1473638095787736,-8.21148023966023,0.7489631508603986,0.2174529322172359,0.1490187961849126,64,5,2,conservative,1,0.0283374503833846,4,1,2,3,2,5
30,3,4,4,0.8174497084911916,1,27.19858120292997,0.7289810616558164,0.5003594462155606,0.1705855191824739,10.761516591192343,0.3569824294686639,0.3666788797029814,0.0235670891375064,93,2,1,balanced,2,0.8285302595815085,3,1,2,2,4,3
49,5,5,2,0.3806232934765801,7,37.94782496384276,0.8616909037873453,0.6908839765508228,-0.0321490468772758,-5.800378698347114,0.6347441411040295,0.3909174268411622,0.0474900621883383,20,1,3,conservative,3,0.7882752081708296,2,0,5,1,3,1
24,4,1,4,0.8779743204450695,7,29.844972075754637,0.274071589342191,0.6971358058918092,-0.1797510110923703,2.4745570405523303,0.1864198048539745,0.9764565294354102,0.207892567318752,16,2,5,aggressive,1,0.2590351441033471,3,0,4,1,5,4
68,3,1,3,0.8680566901074503,6,24.70494923860513,0.807070903866703,0.6486389567688156,-0.1842432665228722,6.457652451640655,0.7493694366449569,0.9546663568790688,0.2243740770690442,17,5,5,aggressive,3,0.708676719965507,4,0,3,4,2,5
39,2,5,4,0.8059254001176211,2,59.63705494508219,0.195240602956492,0.2752882134518601,0.0295799464276041,2.0821845424049226,0.5456959688130258,0.8001375827520759,0.0601426507359322,80,1,1,balanced,1,0.2148546064249981,1,1,3,1,1,2
45,2,3,1,0.7900304363070614,2,52.93857096678669,0.3453419522448878,0.1562065686866219,-0.0428419564427283,5.588350274090224,0.2040643885466005,0.2416589208191851,0.2788611744025419,19,4,4,conservative,2,0.0403301610515129,5,0,3,1,4,5
19,3,3,1,0.3046791390980408,4,37.78095153140697,0.3356104542698427,0.6359403268267109,-0.1885390289689382,19.895789263958573,0.2919111734978072,0.0680373140916696,0.0625850871808288,8,3,3,balanced,5,0.2011365425903772,4,1,3,5,4,4
59,3,3,5,0.0809192830512521,4,34.59326430975468,0.9785254683891406,0.5993021161394377,0.0333009569250227,-5.943480588614358,0.7486087085818324,0.3169041377206247,0.208734414092044,38,1,1,aggressive,2,0.1786288767542995,1,0,2,2,1,1
62,5,5,5,0.4029801787651614,6,37.61896830965046,0.8565372237479268,0.1793560102892409,-0.195478985364391,10.263681360092768,0.4826012356615207,0.2667945494338308,0.0935509058257036,38,5,4,balanced,4,0.3377479967348472,4,0,3,5,3,3
23,5,1,3,0.1735245149865086,4,12.87741436152356,0.7011698615902597,0.7051391455705633,0.1149487832597092,1.880028991568457,0.2160314403930722,0.5059258001463939,0.2590129306088337,53,1,5,balanced,4,0.4184494971754581,2,1,4,5,3,4
45,2,5,2,0.6949510889024617,2,24.3131268525948,0.7270567616153901,0.4551719917336564,-0.0774268709186513,-6.009706032780136,0.9672711903702976,0.7777279100677931,0.2631044974600715,93,2,2,conservative,1,0.5085388914977079,3,1,4,1,5,2
45,4,5,4,0.3460997265377855,7,3.32811244056306,0.5620727944025711,0.6677605916031529,-0.1838967987963071,-5.2378970987707145,0.7151250198168879,0.858322938878858,-0.0650332768515664,100,1,3,aggressive,4,0.4767538755083281,5,0,1,5,2,2
61,2,3,3,0.9756102008599148,3,29.05721621172277,0.9470906671085192,0.8373670797701507,0.0353408883932613,18.478193187368507,0.957134832539796,0.8448640854105085,0.2745973325240903,90,4,3,balanced,2,0.2706746059652893,1,1,2,3,3,2
61,4,2,5,0.640972077345332,5,33.03845045350213,0.4962587528823615,0.1697284285769231,-0.0409262342267781,16.38804490135286,0.4271050453603432,0.3596755612230677,0.2302139366081662,31,1,4,conservative,3,0.0291706685740744,5,1,4,5,4,5
37,4,1,4,0.822480563634361,3,14.437234430089363,0.3805177098698945,0.0191448679968366,0.1895201653428598,17.211258812450655,0.4751003406917204,0.6872343434606829,0.2165242857250667,44,3,1,balanced,2,0.6051016222371507,5,0,2,4,5,4
47,5,3,5,0.1325246727418484,3,57.87770198276531,0.163035336931591,0.7791025863957868,0.0176794650014808,19.7459832748216,0.8979552161850192,0.31283419752422,-0.019635464125791,60,1,5,conservative,1,0.3957448298473544,5,1,1,3,5,5
28,1,2,4,0.8620144822726226,2,54.65782204529728,0.786205652261058,0.6096974251526159,-0.0899043275851966,-3.750538299744461,0.5250493402453846,0.0609055432351827,0.2220476835018659,76,2,4,conservative,4,0.2986721573875497,1,0,2,4,1,5
45,1,2,2,0.9227571905133944,3,43.60645089189845,0.7344439320755914,0.6996395696221217,0.0837755458535899,0.6631801209218526,0.7072789119056672,0.7015652656029423,0.2400530938740147,17,1,2,balanced,3,0.8669410428305123,1,0,4,2,2,2
42,3,4,3,0.4870619188189359,6,32.469811097156395,0.3843550385241349,0.8381549749886426,-0.0914031989829154,10.076570897746002,0.2521728774955299,0.0098275525697878,0.0156601337816603,79,4,2,aggressive,5,0.7467433077981598,5,1,1,3,5,4
56,5,1,4,0.6062529377509774,1,52.32818041921341,0.0251934139592293,0.8028109348245005,0.161697316563026,4.514076195819417,0.4467264687026405,0.4091825874584885,0.2809040313449295,73,5,2,aggressive,3,0.8577655483724422,3,0,2,2,3,2
50,4,2,1,0.7648098009029954,4,8.708488285584313,0.8389973277180107,0.9609201469288248,-0.0501112117970494,2.5516860013500047,0.1234498658103551,0.3293792693020757,-0.0800559414403343,39,1,4,conservative,3,0.494982794712461,4,1,2,2,1,4
18,1,3,1,0.1748386272604125,1,47.64007786221821,0.0114179834540736,0.5359350788521182,0.019947425110482,0.7343374800677918,0.2059800358769616,0.6933775385188524,-0.0400362987011441,42,1,5,aggressive,2,0.1309312521267774,5,0,1,5,2,5
44,4,4,4,0.5025660764634424,7,8.364428024044049,0.703699779629051,0.4884956326599053,-0.1797707584703084,7.813418958303565,0.000943415267631,0.7662454727603789,0.1150324552206057,48,3,3,conservative,5,0.6962214361212724,2,1,2,4,3,4
69,1,1,4,0.3986630277723131,5,47.85842909041492,0.970257109726057,0.4018871998907301,-0.0295515048191076,7.267802859202462,0.0392650516486602,0.3040946359712838,0.1303169884489239,12,4,1,aggressive,1,0.2060737799371752,5,1,2,2,5,3
30,1,5,4,0.1463739921622491,4,17.27028652683006,0.4376613281482034,0.1536910428442045,0.132945415864398,-5.156264978072798,0.9772838231769292,0.8116270144448535,0.1580600333203613,96,5,3,balanced,1,0.4412296690917168,1,1,5,5,2,5
58,1,3,1,0.3675344222915314,3,52.74834428007315,0.2349734049959527,0.5726072328820224,0.1222595221453368,4.152195125553172,0.2423536951367623,0.2939167605049337,-0.0932123482738134,89,2,5,aggressive,3,0.0650007889488885,4,1,4,3,5,1
20,5,2,1,0.0681723093854935,5,56.69848353569847,0.7048710100433817,0.2770125243259788,-0.1102725764585895,6.604153286295496,0.663310709504002,0.4463263599865612,0.2841467098488521,18,1,3,conservative,3,0.8253084024229824,2,1,1,1,5,5
56,2,2,4,0.0258119069494869,4,9.778962194901824,0.8171281420155851,0.9213075122129756,-0.1095683715957749,7.108608161941714,0.8390996987996115,0.7270185270141339,-0.0821647629063424,79,5,4,conservative,4,0.1259406410475005,4,0,5,2,4,4
23,4,3,5,0.1351662891548227,6,28.297860698858216,0.5464303160778473,0.5831908042770976,0.1269221248852947,-3.6967842126294457,0.5506604592365643,0.6929202292247886,-0.042775218910639,96,2,2,aggressive,5,0.9030975070493096,4,0,4,3,1,5
25,5,2,5,0.9631151115891738,6,58.87825531159842,0.9670352752561462,0.5928401805081102,0.1721593680677302,12.268141767568604,0.1531445000839562,0.9873684723122,-0.0943941929895772,6,4,5,balanced,3,0.8642306022615571,2,1,1,4,1,2
44,5,4,2,0.549529535895017,6,29.52103872241565,0.0516687216579611,0.35492466087701,-0.1618556314907986,-9.244027155367911,0.7281164373361664,0.2251610242159318,0.1267433733176378,43,4,5,conservative,4,0.464582764439246,5,0,4,5,1,3
26,5,1,3,0.96582216115322,6,51.94930382835816,0.5047955983045281,0.0519893519777074,-0.0199765442295098,0.6449556662948801,0.600251410099583,0.6623179135395824,0.2729067535683889,35,5,3,conservative,5,0.7443682043039906,5,1,5,5,1,3
54,5,4,5,0.432497878330132,3,35.73515980574787,0.7184539473225501,0.0317437653729886,-0.0650182884143084,13.406379456069008,0.7312505893473751,0.6096819082757774,0.1663788664321857,98,2,4,conservative,1,0.6194450738181533,5,1,3,2,5,5
50,5,2,1,0.3118161330852596,1,23.14446456725651,0.862640471149179,0.4233351441531975,0.1482753821829757,6.916787631662071,0.7697466228570872,0.91509845449003,0.2290629873921709,54,4,3,conservative,4,0.8030756423377449,3,0,2,1,3,3
68,3,5,5,0.5061418628402441,4,17.86122977602634,0.17925561190779,0.0845653780972378,-0.1665900341279925,-2.1651270246741925,0.9754103676847452,0.156362141644875,-0.0946875186165679,62,5,3,conservative,5,0.431805100785912,5,0,3,3,2,3
59,4,1,2,0.4395116886329101,3,12.99016237407915,0.8000034817636814,0.6068469555401391,-0.115549622976785,10.848593580291432,0.57356328002671,0.751798163586933,0.1168061193918904,69,4,5,balanced,4,0.78580848424435,2,1,2,4,1,4
61,5,1,2,0.1056646842617439,6,45.946093291284136,0.5527070757185453,0.8809730056396574,0.1009873350345977,7.021728324682201,0.3416411126906018,0.5682686162687683,0.0838251910022087,82,4,3,aggressive,3,0.4624568170651479,3,1,5,4,1,4
41,4,3,3,0.6408263146902062,7,23.805889902558643,0.3965536819899632,0.8829148165187222,-0.1794824604075137,13.887308283691617,0.6484645569002371,0.2746658697879054,0.0995871776883172,16,4,2,balanced,2,0.9409657878427938,5,1,2,4,5,3
32,3,3,5,0.2160381825095996,1,31.16525226984432,0.1317150285790935,0.6590454101322324,-0.0029858477142842,12.050755585694702,0.0684407092426261,0.4744349141471741,-0.0711147258659248,8,3,3,balanced,1,0.4863721008251476,3,1,5,4,5,4
49,3,5,1,0.6195879548978296,7,30.04720332006973,0.8652957589089124,0.211231831472931,-0.0231571861281119,8.303237661087039,0.8973973183215863,0.3337765970697978,0.173774144427723,89,2,2,conservative,3,0.4626192719337295,2,1,3,2,3,1
49,4,1,1,0.6502010923981534,5,35.059462724754745,0.1572732081797153,0.8629968313588721,-0.0662395284045005,4.645330259324421,0.1193810113381967,0.5793134027884609,0.1012881659434537,96,5,5,balanced,3,0.7850718615635127,5,1,1,4,3,5
41,1,5,4,0.1520248531286481,7,52.06905159184858,0.3097878592090992,0.8860934353132082,-0.0421710738724304,-6.004536229974297,0.3278428378858182,0.8890006108146659,0.2060595399445056,90,5,4,conservative,5,0.821577691760838,1,0,3,2,1,5
58,2,3,1,0.0613496271106681,5,58.86362127142233,0.2900455319624369,0.1966535849529587,0.0119762347720931,-2.160009463438487,0.8157453806261209,0.569304984412202,0.0941162536246861,86,2,2,balanced,4,0.5544891143211708,2,1,5,1,1,4
69,1,3,3,0.7807615860684398,5,25.0474683058552,0.8714140341908543,0.7374260857706773,-0.1354530566446467,2.5729841875125583,0.5973123783307118,0.631722418326584,-0.0402473455094271,31,2,4,conservative,1,0.1797978134950754,4,1,2,3,2,2
66,1,1,3,0.4598004237693202,6,49.82361640427188,0.672702994208898,0.2865195489271229,0.0287983513134371,7.97897861019166,0.3936355202774421,0.5187478471147094,0.1593027816311288,10,2,4,conservative,3,0.4677582309575795,4,0,5,2,4,1
66,1,4,1,0.0581637955054757,5,46.10713988462834,0.7966813971913723,0.8026403123529297,0.1221729317199945,5.411235656459144,0.4734356593750214,0.0511655064454759,-0.0310454551579335,56,2,2,balanced,5,0.9680725029096784,2,1,4,2,5,3
69,5,2,1,0.9948663171697671,2,34.83820813587882,0.250467898792499,0.9972378999036028,0.1040643719160636,-1.3544642212141156,0.8545473932021803,0.2328585568760942,0.2489578253419259,76,1,5,balanced,1,0.7529861930391851,4,1,4,1,5,1
29,3,3,4,0.0577805609963666,4,57.40678147310405,0.6248740996069989,0.0300260053293928,-0.1384400381224905,-9.806069266308684,0.3400043860598921,0.4920017294320827,0.1452464956276966,92,5,1,aggressive,4,0.8111626038791322,2,0,4,3,2,1
56,1,3,1,0.6950352288585532,4,12.827996416175765,0.5717459831437487,0.8973658657909319,-0.1403002121034104,4.887176657024417,0.8696496848121713,0.3102352837447047,-0.0371184465772183,70,1,4,aggressive,3,0.0328254988192401,1,1,5,2,2,2
19,3,4,4,0.9836789252634136,6,7.446588408267663,0.8328303767882711,0.622630533598658,-0.0927302529020346,-1.4312203431327075,0.0881344309766914,0.1817635977611942,0.2849352229924827,20,4,4,aggressive,3,0.4678594626341599,2,0,1,1,4,1
20,4,4,4,0.2391801042159256,2,51.383756050369904,0.9060870604812604,0.9733826191648212,-0.0555701094635851,12.038249021316052,0.7767984372086307,0.5041328419184383,0.1073461853341282,5,4,5,balanced,3,0.6466211336575554,5,1,3,4,2,4
66,2,5,1,0.1422493686871961,7,26.90983918139115,0.0121567714773868,0.4650095175264276,-0.0366177674366069,-9.281612041885497,0.8475476330547363,0.3228097934478503,-0.070840619251338,23,5,5,balanced,1,0.8300326836280747,5,0,2,4,1,2
54,4,5,2,0.1213849394224289,3,50.97116239821657,0.6740199190587927,0.8473879305713737,0.071878886733338,7.544834339173725,0.1818176528373387,0.2581076431734147,0.1507331617660268,9,4,3,conservative,1,0.0492736535827714,3,0,2,5,4,3
66,4,2,2,0.3032751475675955,7,53.69232210652948,0.051835799119729,0.0623940685982772,-0.1773278271336658,18.24422712518196,0.4303465323722004,0.4639854174403808,0.001279562805124,58,2,5,aggressive,1,0.8524388856418731,4,0,1,1,2,1
34,5,2,4,0.1010458110106466,3,4.684998023525215,0.5488586650773559,0.3352790500782957,-0.1861309183095734,-4.767721986655015,0.1654997746636556,0.1332842580821731,0.221477380750921,59,1,4,conservative,1,0.5484009367419117,4,1,1,5,5,5
66,2,1,1,0.6921613416941319,5,53.12442101617758,0.2876327290436782,0.0670165377512099,-0.0432357748224364,4.149484722517862,0.7066041289942178,0.9277457330754072,0.2271288294264762,93,2,2,conservative,5,0.1973139705760599,2,1,5,4,4,4
19,4,5,2,0.0622917981300626,1,27.45082426679591,0.3067765995221412,0.9753431334790704,0.0788654768551921,-7.257340245485855,0.5353477680616567,0.867702097919239,0.2915789423418647,80,4,1,conservative,2,0.3172552164497,4,0,4,5,3,4
19,4,3,1,0.5094221281497897,3,31.1155168512497,0.3529585034523566,0.8169739072718367,-0.1226258628174069,8.770457367840578,0.635323346708321,0.7076205857405353,0.1007478124098014,54,1,3,conservative,5,0.2819295517515607,5,0,3,2,2,4
45,2,5,1,0.9966968538529768,1,37.96895815449941,0.6212924490496101,0.8525474212459705,0.0566017925025006,6.515950417886767,0.1964869669562111,0.1062138275884562,0.0819827518910948,46,2,2,aggressive,3,0.5308590342884758,1,1,2,3,5,2
40,2,3,1,0.8139702695060188,4,55.65657379707512,0.3340499656687692,0.9379652314338942,-0.0960687448238802,2.2209657263849696,0.2117458620524195,0.775877254469693,0.2013902421785922,22,5,1,conservative,5,0.0516856799111318,2,1,1,5,5,4
54,4,4,5,0.6152194382310109,1,2.127849571356078,0.7326990505902804,0.0851034861197853,0.1544344435254065,5.641310644212236,0.0414973255099063,0.807957328109019,-0.0470117374632293,64,2,1,balanced,4,0.1585361584999235,4,1,2,1,4,2
49,2,5,1,0.3062536207866116,4,29.13376463075121,0.4045273855738697,0.3855975925133333,0.1582759777066466,16.897239754070306,0.3220675351957297,0.7677646177143377,0.1187662055172496,8,4,1,balanced,1,0.8126930433757824,5,1,3,2,4,3
50,4,4,5,0.6238958362916385,2,41.57560050340308,0.0683532003099586,0.0710348890440021,-0.0810851182874694,-4.111170930667988,0.559744661333675,0.1139658871192411,0.1184990400523403,20,1,2,balanced,4,0.132603990746811,3,1,2,5,4,5
18,4,2,4,0.5270414639116516,2,43.63971050419548,0.7837598424841072,0.2107931015500286,-0.1080024984147038,-9.323064648839583,0.8579349139973288,0.6439079570677647,-0.0642107508758451,51,5,3,aggressive,4,0.2333962694581269,4,0,5,3,4,1
36,5,2,2,0.4260833838903715,6,41.85941346068937,0.285758324592706,0.2293657770376723,-0.0354784111735075,15.84994654097303,0.6669274474586807,0.8343247957493986,0.0671936342027654,78,1,3,conservative,3,0.4533706056041573,1,1,5,5,1,5
19,1,1,2,0.1307103767401994,6,8.93167263507919,0.4327668795992626,0.4691072110475787,-0.1037873659279405,7.313512471637196,0.4353963233997514,0.5773534012196677,0.2413139194268808,39,5,1,aggressive,1,0.5171208881133305,1,0,5,4,2,5
61,4,5,2,0.8866042152404667,5,18.66433971392919,0.6854438832219015,0.2685621674536426,0.0689535373166814,16.719753663855272,0.9531201143941378,0.646407375228089,0.2424614487978641,37,1,2,conservative,4,0.7636104796141586,4,1,5,2,1,2
43,3,4,2,0.4497846488213225,3,22.164215999603798,0.332456157148712,0.100978106817761,0.1304258738193142,7.908356702395178,0.7192452005758319,0.4583634794263062,-0.0603049340321276,50,4,1,aggressive,3,0.4473324266661878,4,0,3,1,2,3
49,1,3,2,0.194622511820765,5,48.46179525309079,0.0565856561467156,0.1674910890941077,0.0692368523644867,14.304832698791074,0.93016520286255,0.5287073198840526,-0.0637116469008676,34,5,5,aggressive,1,0.7898646210355388,5,0,3,3,2,1
23,1,2,2,0.3677593508772896,4,17.446832472458627,0.3739210470128136,0.1472755635520909,0.1297401788997398,2.8902009006544382,0.5275879732721657,0.0343768583517252,0.0050781908007741,75,3,3,conservative,2,0.6183463070454575,4,1,2,2,3,3
49,1,2,2,0.414129752528927,5,13.431592868164987,0.9444485826943034,0.9730767979122984,-0.0412031351170103,12.495797938648064,0.2589042747931396,0.6389630219732846,0.2499064250215974,33,1,4,aggressive,3,0.1130997394238224,3,0,5,3,5,4
21,5,3,4,0.8275378955668743,1,57.48943312324767,0.6417343972985582,0.7592925069184736,-0.1374732117164556,17.39124400669568,0.0528266863647219,0.0814472128911591,-0.0484389659706004,31,1,1,conservative,5,0.1563314383928385,5,0,4,5,4,5
28,4,4,1,0.733614380561402,4,1.522933821694665,0.6714791486672069,0.967761465269562,0.0951803789590368,7.163688911666188,0.7260848514838505,0.4350145943402234,0.1879987210509785,54,2,5,balanced,1,0.4370337254497708,2,0,3,3,4,3
34,5,4,3,0.7693048936413398,6,59.87143048523672,0.6322821536376398,0.4397404865079085,-0.0558101979433784,-4.576445483128614,0.1213029980055341,0.2926550976674078,-0.0595337521547587,44,5,3,balanced,4,0.3968893930890396,3,0,4,1,4,1
55,4,5,5,0.0110312644286472,2,40.93245663258634,0.1989921389594368,0.2783684816626566,0.068508330091653,-1.936071549094056,0.3027751282719672,0.5454279502117131,0.1492551414991301,34,3,2,balanced,4,0.7435442696372946,5,1,1,2,4,4
41,5,5,3,0.4161539981797615,6,49.87968866749791,0.4183338641022801,0.7982931972091867,-0.0917424232072937,-4.040662693077826,0.5324709078838974,0.133416335523207,0.0424269196476579,71,4,3,aggressive,5,0.5807371397973519,5,0,1,4,1,5
22,5,1,3,0.4813441516353236,3,18.3825443844254,0.7509397983633183,0.3262539180411468,-0.1675081460773309,-2.594289172128013,0.5644165877797477,0.6916434019733182,0.2155655851863468,62,2,2,balanced,5,0.3881330810022493,1,1,3,3,5,1
69,3,2,1,0.0191922768230566,4,1.8446013823565388,0.1013728975531591,0.2993833737053483,0.1970327181951053,-0.8075365194689095,0.600583196987136,0.7950115369284704,-0.0065238204698545,23,3,2,conservative,4,0.1707602834503856,5,0,2,3,3,5
51,5,5,1,0.2598132087450342,4,44.53430159513027,0.2778527760897122,0.2325059922078312,-0.1375193968277603,6.654013602595654,0.1662553303497006,0.1633544497431565,0.1556807317559839,46,5,1,balanced,1,0.2268371023254951,3,1,5,3,1,5
23,2,4,1,0.760289823122135,1,50.21453122303987,0.2763191084658536,0.1296789782242353,0.1953683975853924,7.639748883914983,0.3797374048216487,0.1043130873518821,-0.005726986169646,56,3,1,balanced,3,0.575501018469059,4,1,2,5,1,1
39,3,3,2,0.137109705728999,3,44.688091785257626,0.432018927594506,0.2564630610167659,0.1909119730265789,2.794992417255834,0.6171942271169667,0.1455154827873591,0.1854641132448615,7,1,3,aggressive,5,0.4234388048997924,3,1,3,1,1,4
28,5,4,4,0.5353101314525917,2,9.428166950749477,0.9803687409421852,0.3553197484738877,0.1175272415632158,8.462623394625062,0.9698188646337847,0.8771275618985017,0.2494712138242995,89,1,5,conservative,5,0.5149275088606721,2,0,1,1,4,3
65,1,2,2,0.2152018720172375,7,45.45224741316117,0.0675025466838219,0.6739942081457304,0.063769184832799,-7.5527522316590225,0.7276311376996887,0.5281892617563562,-0.0492792803492959,61,2,3,aggressive,5,0.1706774353022336,5,1,4,5,1,3
33,2,4,4,0.0121207746438932,4,46.366444144350815,0.518700994380595,0.0625648422194515,0.0311228201004338,-7.366352888255201,0.9226037570939578,0.4672609960075026,0.2466382754382014,3,5,4,aggressive,2,0.6629062523445658,5,1,2,2,5,3
50,2,1,4,0.2412014575995414,4,39.85389042453324,0.1793646820122104,0.2105069396653429,0.1464406181511339,-4.845116189270247,0.762212058314177,0.1067118191023542,0.1374301017657191,38,5,2,conservative,1,0.852538740855967,5,0,1,3,2,3
26,2,2,3,0.9758737549100538,1,46.20084003493959,0.970676545409744,0.8090236402916764,-0.0842241913522048,5.542324941210342,0.5917169688924004,0.6495560067569618,-0.0491558036531904,84,3,2,aggressive,1,0.2579395067869006,5,1,1,2,3,1
23,3,3,3,0.8015371118829896,5,50.909364940986194,0.1133035047274642,0.1469219235837707,-0.0129275150060491,-3.580159639050593,0.1920233691363445,0.8679995918950899,0.0710167421438848,34,2,1,conservative,1,0.4915142258318266,1,0,1,5,2,2
33,5,1,4,0.9595766443210334,2,37.20264274001005,0.4036010023615912,0.3426451465225215,0.0477559877466007,-1.50146789522268,0.666685651892513,0.828185869323453,-0.0356558826059608,44,5,5,balanced,1,0.9755273290209018,1,0,2,2,4,3
46,5,2,4,0.4878540439263624,6,6.227678124211065,0.7378849848346062,0.8646589218581401,-0.0355238096522035,2.0093850851898214,0.6233795659599071,0.6260547089808013,0.1801391555466278,30,1,1,conservative,1,0.3332417405507276,4,1,4,2,4,3
20,1,3,2,0.1097361986775035,3,29.77004077036544,0.7045544280274453,0.1549253111434426,-0.0290054183638928,14.355983720311396,0.6024691704572664,0.0752787166516736,0.2035472537671799,17,3,4,conservative,4,0.5950463449237612,5,0,3,3,5,3
37,1,1,2,0.547959488973693,4,5.581310745624699,0.4227286368939322,0.0827368356181899,-0.0678861329991662,-9.584135922614196,0.4897858679882407,0.1123970271760129,-0.0576813918908804,59,4,3,conservative,5,0.0901957002002443,2,0,5,2,3,1
53,2,1,3,0.4543773345599609,4,25.04503883091342,0.3465241679527182,0.4845379950800108,0.0256927266738144,9.481364607098673,0.5286566039892756,0.0493089871098246,0.1024559410778577,10,1,3,aggressive,4,0.6060150024794432,4,0,1,4,1,4
36,1,2,1,0.844357082739616,6,25.01928285841203,0.3976123785528705,0.3024195112785364,0.1402298112060464,10.06629593122056,0.334442527118104,0.2574792164924693,0.2258500224103668,99,2,5,conservative,2,0.0896317733046179,5,1,2,5,3,2
43,3,5,4,0.0980825807842445,2,4.894580804274254,0.2642762631586393,0.5634083644838541,-0.1193886487974748,13.959673410699097,0.5193126926423032,0.1356614671603777,0.2744652166203986,84,5,1,conservative,3,0.959235435323822,1,0,2,4,4,2
20,5,1,2,0.4882411370217782,5,21.58041150419928,0.2053329387067998,0.8038048904834751,0.1737732155013766,17.982588171809397,0.1975559056784782,0.2600480402524339,0.105407146696708,18,1,1,conservative,5,0.7156626520723114,2,0,4,1,5,5
36,2,1,3,0.1500486646939842,4,7.548887828687575,0.48303969755889,0.1371484881527431,0.0756350614992918,-9.395864531521305,0.8051743973603768,0.3850580557189617,0.2801116894445629,45,4,4,balanced,2,0.7881597881357064,4,0,3,3,3,2
37,1,3,2,0.32467592689006,2,48.68587739054411,0.2685337560676073,0.580699084554285,0.129309285072012,-5.386488834603514,0.1857769546987078,0.9429827840711356,0.1142755881824119,91,4,3,conservative,4,0.7041043607716369,2,1,5,1,3,2
49,3,4,4,0.7373570773877997,6,56.91359353190378,0.2874616648972501,0.5055087603898639,0.0224762770520046,16.58513882167979,0.0849662898894664,0.6103760597816921,0.0576761978399631,59,2,1,aggressive,3,0.5897290360764658,5,0,4,3,5,2
24,3,2,4,0.4760181293687665,1,5.266672040218378,0.6567560634745571,0.1440787860131995,0.1118066805696254,3.755556865610462,0.4362460263571573,0.8349737856829623,0.2392812514211582,62,1,5,conservative,2,0.4499127810855053,3,1,2,4,4,5
69,1,2,5,0.3758882851457693,5,57.35179723021038,0.9685373316998922,0.6239984855289824,-0.1935198410642131,6.937719168003905,0.6583074395060619,0.7103515007123322,0.0971930841832356,59,3,3,conservative,3,0.8583733797610624,2,0,3,4,1,5
58,5,5,1,0.3944762785700353,3,31.832019360867964,0.6036372005593751,0.2736404178607716,0.127352169911814,9.89081611169442,0.4377168249335413,0.1125031305266317,0.0887610042258092,49,1,4,balanced,2,0.956835667543063,2,1,4,1,5,1
50,1,5,5,0.4594467684059866,4,18.67437499927856,0.0769794670649662,0.4878343185440125,-0.1839444563658534,10.37199813486912,0.2767541319513086,0.7359204063739488,0.0961249957639313,100,4,5,conservative,4,0.4990361729040813,1,1,4,5,5,4
57,2,2,3,0.7850165438370569,2,5.534862441293647,0.0755836138540669,0.0822723242770618,0.155965350545145,17.952212099495245,0.5581711838904407,0.2750988815591244,0.2387140007478981,63,2,2,aggressive,3,0.931535049155262,5,1,4,2,5,2
56,1,5,2,0.8920846889402344,1,30.536831816154653,0.951423220845566,0.459584057213623,0.1967850988954573,19.908482522350088,0.3470023354121999,0.6391078469947064,0.2327766166752208,87,2,4,conservative,2,0.5833329099885175,2,0,2,1,4,2
35,3,3,3,0.9553346865039284,3,47.87641712495417,0.2972907903073336,0.3064634680428203,-0.0823730151292888,11.604723827928208,0.9328676901266332,0.3409619736429885,0.0614079969760844,32,3,5,aggressive,4,0.5383841868964332,5,0,3,4,5,1
57,1,2,4,0.7869033862552951,7,42.71810215873519,0.0920669860824754,0.8223812111853543,-0.1158725774856825,-1.3833637238454752,0.922645139603572,0.9976722632646592,0.03331994394821,10,2,1,balanced,5,0.4544827329553567,1,0,1,3,5,4
18,5,5,5,0.3154068957480127,2,3.963334676374452,0.5990445871503816,0.0569787269973682,0.1061453455432163,16.392572068830308,0.5023718199720955,0.2635514794967778,0.0967712096156517,11,2,2,conservative,4,0.2092877615301198,5,1,3,2,4,2
28,4,2,5,0.6881347060865421,2,5.301208286706308,0.6236487782902661,0.4186072749183299,-0.0987894636318987,-8.523372563777151,0.3278839940182585,0.2791304707742696,0.1291090038948436,70,2,4,balanced,4,0.0037196608180591,1,0,3,4,4,5
45,1,4,5,0.4376031240553919,3,24.76952367532559,0.6485048201186882,0.458431424131438,0.1462249532688814,-3.067574413765114,0.7371324139566391,0.9306722555623984,-0.0046651157488012,62,2,1,conservative,5,0.2415062268560612,1,0,4,5,5,3
42,5,1,3,0.2546706220460512,1,18.42213914882865,0.2674020278575413,0.7250060762991187,-0.1588629631370093,16.921571523911446,0.0367129434830666,0.0246444046363226,0.2175820338862363,47,2,2,aggressive,4,0.5097231716035652,4,1,1,1,1,2
67,5,2,4,0.8408715794259226,7,14.710675060306825,0.015110684214475,0.574287575090211,-0.1496179214482567,-2.3142545668193515,0.4747690060436512,0.6966889878731969,0.0945931062929691,34,4,3,balanced,5,0.3799599522597525,5,0,1,3,5,1
40,3,1,2,0.0384263489623249,6,17.5792654356141,0.965015369454472,0.667212337194181,0.1916606220402462,-3.380468211347546,0.3363233942703335,0.7253263907358781,0.0336182193679838,100,1,1,conservative,5,0.4484852280026338,3,0,5,1,2,4
48,5,5,2,0.9017619921354236,1,48.4054818545162,0.2508930456911025,0.7770492856517561,0.0695355593080018,-5.856241205792583,0.9205358851025548,0.8363785774103993,-0.0572716028144037,17,5,5,aggressive,5,0.9806482195640496,4,1,5,5,4,2
47,5,1,3,0.4614774646247341,5,55.82445516427938,0.6760262880525475,0.8622029736581888,0.1387548897715811,15.773352729407495,0.0120030272726825,0.9744393106384752,-0.0044619358385572,54,2,4,balanced,2,0.3502723706693276,1,1,1,4,5,1
59,5,2,5,0.6372014768082804,4,24.901058977126414,0.7066298698787096,0.3138754967224705,-0.0702682490593928,5.001747775732602,0.5528148757183491,0.9756019191566524,0.2797124687023935,76,5,2,conservative,3,0.4521829393601079,3,0,1,4,5,2
52,5,4,1,0.6593539222057827,3,54.46054912581733,0.6100074170794857,0.538022705363903,0.0705934998082417,10.246796091624644,0.740663581066626,0.0652767575664639,0.0220398747278106,85,5,1,balanced,2,0.1335155513528195,2,1,2,1,3,5
24,2,5,3,0.8951177407065364,6,19.96824637362504,0.3129073942136482,0.8401080784391999,0.0376967309234388,-2.82800847774911,0.4850179875240412,0.8218393227529025,-0.0324562842531858,40,4,3,conservative,5,0.0479577324369876,2,0,5,2,4,3
33,2,2,3,0.6366696821672073,7,29.109782194283707,0.2710962537640657,0.9894511309650564,0.0412600480491787,12.741212630336497,0.0854030301627216,0.6463099336573813,0.0842691166619973,19,2,4,aggressive,3,0.7754095145924946,4,0,5,3,1,5
43,3,5,4,0.6139335847600618,3,14.335710871143984,0.5976682827027031,0.8895193110437631,0.0730129838150886,12.800166348862955,0.9724613900279022,0.6473421343730912,0.0228350973440994,67,5,4,aggressive,3,0.5706831750719786,3,0,2,1,5,3
65,1,3,2,0.0666520405606899,3,38.7880864883748,0.8660956336116915,0.3714672626243768,0.0301436692516394,-0.6220592527509954,0.5180104313760979,0.1283499266146948,-0.0859362998915223,82,2,1,balanced,5,0.760704806043895,5,0,2,5,5,1
69,5,1,3,0.5184080219452041,1,58.75988579531373,0.9467337289233956,0.1951665172186504,-0.0283750522789336,2.320478990308485,0.6141862443190114,0.6501871664456533,0.0292580869117669,53,3,3,balanced,3,0.1498627988865516,3,0,4,4,1,1
66,1,3,3,0.1501690008170416,4,36.60609266655934,0.1059058044037576,0.4893925374065887,-0.0896309222477812,-3.709291677093974,0.2366097827075073,0.9824825806012478,0.1176434495757874,64,3,2,conservative,3,0.5718287711826909,4,1,1,5,2,5
19,1,2,5,0.7374337687214856,5,22.111030962699385,0.1548286125977198,0.7416414518360422,0.1074325323652808,19.296830699687128,0.4834980851068038,0.911818569539447,0.1206849488079867,83,3,1,aggressive,2,0.2536424743413755,5,1,4,3,4,1
18,3,4,5,0.5122219208126745,2,39.22122931344117,0.9447362587830797,0.4925690707532976,-0.1094910279987255,9.368077311752348,0.4291494919583218,0.4391306608048505,0.0426235684707554,47,5,2,conservative,3,0.2280618169000199,5,0,2,4,3,5
65,5,5,1,0.6802277792083533,2,8.252320029457866,0.7365352283347926,0.4831808633136685,0.0769417224617656,18.036316421465465,0.0748958420019837,0.0399479732860943,0.0789211025010402,6,3,4,aggressive,5,0.0115260140529852,2,1,4,5,5,5
29,5,1,4,0.0416729006023842,3,53.43088573565852,0.8829938248297731,0.8382304210818006,-0.1066668709402693,-0.8984336911260051,0.1061603535474672,0.3622934900002048,0.2862071672939066,16,4,2,balanced,1,0.1303407235690719,3,1,3,3,3,2
22,4,5,1,0.0847920160458032,4,30.681953096010343,0.2026326341353431,0.3614037790671863,0.0501320679817815,13.456727389906693,0.8374725196187746,0.8263903116005552,0.0509393908921246,72,4,3,conservative,1,0.3092681114996953,5,0,3,4,5,3
54,1,2,5,0.7163233880626823,7,27.51163478033888,0.5875858711094019,0.8597946748116456,0.0988313068516115,12.97575931654226,0.2398199522065902,0.701499101465166,0.0032907253039931,18,5,5,conservative,1,0.116878760590939,4,1,3,5,1,3
49,1,5,2,0.0720843359986733,7,35.566022518757634,0.7011395944174736,0.4068048009517235,-0.1125144444373843,10.749669555996244,0.1949582714986305,0.4593436555939564,-0.0026131823732959,52,2,3,aggressive,5,0.9858584404109376,2,1,5,5,4,4
26,2,1,5,0.0712567277652586,6,37.86224790457474,0.6801118854469727,0.3282331056783394,-0.1760226796554767,18.96916925800401,0.5049114512501393,0.055101535158831,0.0831058450816536,48,1,2,aggressive,1,0.3086326485239506,5,0,3,2,2,3
58,4,2,4,0.0121084752348874,1,5.234772567364269,0.4081516908666981,0.453989911199699,-0.1476105028023303,1.8066600831894668,0.7687471313625129,0.4268947278233026,0.2038080594867776,43,2,1,aggressive,2,0.1303239467023281,3,0,2,4,4,1
52,2,5,5,0.95650139829948,4,41.27441605218074,0.0153948916913084,0.7624469586748684,0.0423987869084102,-6.078480292307281,0.0619465185789879,0.4690249397178835,-0.0176047263246107,39,2,4,balanced,5,0.1990823128279577,2,0,1,2,3,3
36,2,4,4,0.737508359459007,4,15.273969138616245,0.5829260568042631,0.1260020278639942,0.1397785624902942,10.151265777321822,0.5768079196382558,0.928555532894136,0.1837184508563072,49,2,5,conservative,5,0.5877032283414765,3,0,3,5,5,1
65,2,2,4,0.3532514085020641,1,43.1232053178888,0.2531015391796087,0.1964192158720173,-0.1820012715058302,11.879294014316184,0.1192104428405733,0.6410861035821595,-0.0915400706602335,12,2,1,aggressive,5,0.0640435238647885,3,0,1,2,1,4
33,3,2,4,0.2965355812876552,7,49.52955286866761,0.4502542461428903,0.951444825663092,0.0936605036166585,7.251817203764439,0.0364610508256184,0.3116529166546489,0.0675731911935784,10,1,1,balanced,3,0.8624341301411569,3,0,1,2,1,3
20,3,4,4,0.3497032297458495,7,48.43355194559869,0.9575810150838172,0.1754916273813573,-0.0634725416199791,-3.795463205998112,0.0527439521622173,0.5253182644507214,0.2103460260811147,71,3,3,aggressive,3,0.9614996792371472,2,0,5,3,2,4
37,2,3,4,0.7746535311811819,7,33.59755707706546,0.3990353176424347,0.5677273179310546,-0.008588652032191,5.133678250080662,0.8341641082084413,0.06605530782216,0.0354931823097725,55,2,2,conservative,3,0.2467474206673808,5,1,3,4,2,1
41,4,1,2,0.6613706110704144,3,31.69002364633432,0.8398016066644267,0.5793144666619379,0.1715438199382262,-0.6343079029261176,0.1179724836280615,0.9725682356497368,0.1254948405781598,1,4,3,aggressive,4,0.4500952685908593,1,0,5,1,4,1
50,1,3,1,0.1851955678674679,4,9.429681719025291,0.1885406057492511,0.4896244620502448,-0.0672113981056618,2.823995845000672,0.0451513644122919,0.360059901930726,-0.0180083068696356,49,5,2,conservative,2,0.022134451029497,5,1,2,4,1,3
41,4,5,3,0.1741093353340843,2,46.745422873785,0.6724604980250288,0.6447452485768186,-0.0138652264242055,9.356557275339917,0.4378998871429123,0.4778673549131358,0.1967981564504689,36,5,3,balanced,5,0.6407102247272215,2,1,1,4,3,4
69,5,4,1,0.0983956497133973,1,17.01315344635615,0.9770069544389436,0.2298267257976184,-0.1945270340957275,12.356442280725036,0.8439934719420248,0.3552839742369226,-0.0790883586924961,21,4,1,balanced,5,0.4139260580525888,1,0,4,5,1,4
28,3,3,4,0.6603027197013381,7,30.305029946258845,0.1018931008729367,0.5526622677767482,-0.1673605119980646,-3.0332592729597065,0.2624083764893019,0.6825117301162001,0.2410170579502001,37,2,4,aggressive,3,0.2700584661015557,1,1,5,5,3,5
66,1,2,2,0.7643726622217359,6,17.772171482723486,0.008319942227192,0.3721732552468971,-0.0965633635460864,2.1597608194086,0.4217126175259164,0.662232158329593,-0.0207214454313327,24,1,2,conservative,5,0.2068371106166084,1,1,1,2,4,5
25,1,5,5,0.265046428325004,7,8.895873416981896,0.4335827926326143,0.661667259629189,-0.1888591036715702,-1.9251528702511247,0.0399225325637512,0.7153223105291356,0.2497592126833323,55,3,5,conservative,5,0.6540230776587604,4,1,4,1,5,4
53,5,5,2,0.0209449610309128,7,38.14390411661246,0.0926254830513672,0.1412235433731494,0.0525501304193004,-4.041051584143927,0.4490785141348759,0.2681432296119208,0.0410116965202069,25,5,5,conservative,1,0.4162170310323144,2,0,1,3,3,1
55,5,3,4,0.0821716674764273,5,4.205590054551326,0.7483843496762314,0.5708774168394762,-0.0294406572793509,13.501616599875153,0.5776130806371337,0.315668481164066,0.1890734297897946,7,3,1,aggressive,5,0.179659289029912,4,1,3,4,2,5
57,2,3,2,0.9678600348450304,3,45.1700688134458,0.9145486638485588,0.1852703553833237,0.0192580810912088,17.277580833109774,0.5709070537521448,0.1252512310962079,0.0276901191144753,81,1,3,conservative,4,0.689109081486824,1,1,4,5,2,2
37,3,4,2,0.2954447774774202,1,19.737620920405885,0.4340209727087588,0.2786430631150364,-0.1301411256414681,1.1069655705373016,0.3324266921743651,0.6555099718461126,0.2623646684938591,93,5,3,conservative,3,0.5650722830366937,4,0,4,5,2,5
52,3,1,4,0.7692231478381336,5,1.0079468872646338,0.2587116421554409,0.2187098003235832,-0.0816271882253535,12.538367731213008,0.3155331806631355,0.0397971273356525,-0.0493451497926502,94,3,1,conservative,2,0.8586720549294962,4,1,3,5,2,3
65,4,3,2,0.6246635688542638,5,31.15661921499656,0.4344033190066098,0.1828377798688171,0.06552978994109,16.90985868093233,0.1066236189365978,0.5976823355234591,-0.0285920842909605,71,1,5,conservative,2,0.1174758988764929,2,1,1,4,2,2
42,2,3,3,0.3819396396528959,6,3.764262603128584,0.723447817850001,0.825710951560667,0.1861210894521599,15.383726315906948,0.3667983206462684,0.8696958848516338,0.0972120500635209,97,3,5,aggressive,1,0.7856666019444561,3,1,2,2,1,3
52,2,2,3,0.2056872621955551,4,17.29400391143307,0.0090541615803709,0.2857075676608903,-0.1798332905591163,-4.515598343823223,0.0994946688729646,0.8908321482896335,-0.0672246243847415,71,2,3,aggressive,2,0.673516786817259,4,1,4,1,2,4
42,2,5,2,0.1213864181594064,6,42.71161275988725,0.5894539894846972,0.9271237818644492,0.1561537283421064,18.68875644540084,0.7665959447120516,0.4490377603699617,-0.0216079261192952,24,1,2,conservative,2,0.1150109368280978,4,1,5,1,3,4
46,2,1,5,0.6150129680388666,4,4.698687675690087,0.6132916848873791,0.9699265253451907,0.0307524805244833,1.300293212883874,0.966274297748186,0.4593036882130737,0.2775065528848057,11,3,4,conservative,3,0.6948207298717207,1,0,1,5,4,4
35,3,2,4,0.774633780637788,4,50.52097104900414,0.6376882468959355,0.5712604699370973,0.0255678267022494,0.1772198352150908,0.9700744566667068,0.0769691830080173,0.2905958644591548,73,2,2,balanced,3,0.4415472888798304,1,1,4,1,1,2
63,3,4,3,0.6439042535411307,1,1.2253754368564034,0.2420220799808772,0.1430011226657264,0.0001114140831041,-8.12706018166659,0.8650710993753938,0.6707650254430357,0.0505037317321687,12,2,5,balanced,4,0.9449847855558432,1,0,4,4,2,5
35,2,4,5,0.5303021332491583,7,15.562608282912231,0.7140527233781268,0.3745482433795812,-0.1722423656383266,4.58520962314649,0.6007921493396191,0.8212594203728455,0.2693144084055743,35,1,2,conservative,1,0.1416113506178993,5,1,5,1,1,2
19,4,3,2,0.0419512234316362,1,44.71333931297222,0.0913914863317764,0.797732263348214,-0.1640492593055357,-6.729591530772138,0.7008656972438799,0.244655054604713,0.1179298702693727,63,4,4,conservative,2,0.642833390815738,4,0,2,4,4,2
52,1,3,5,0.9684887775943838,3,19.6599388340291,0.1992703364668008,0.3673907286970704,0.0403648022636344,-2.5438053721772205,0.285205802680414,0.4213008816333646,0.0078969863495068,68,5,2,balanced,4,0.3819800454629459,1,0,3,4,2,4
33,1,4,1,0.7987141916545746,4,7.011650895894798,0.8774700466544819,0.0870172183027887,-0.0636165714257766,-0.4917213469815582,0.6307704201726206,0.8388393367652703,0.1809594884322394,100,1,2,balanced,1,0.9568146705908778,2,0,1,3,3,4
58,4,3,3,0.2928220367009647,5,22.253801209225244,0.7387231507265664,0.5567849109281879,0.1669072266310722,14.26478970475052,0.4556495494398774,0.877120467662288,0.1635607226299429,92,2,2,conservative,2,0.3299748952902764,5,1,2,1,2,4
53,2,1,2,0.9799703293588506,7,16.953203896687008,0.0137455540113452,0.8451208514960348,-0.0373637850562111,16.264659511876896,0.4820173397769325,0.2431799802642259,0.2956501276434934,57,2,2,aggressive,2,0.9621859094918002,3,1,5,1,1,3
50,3,3,4,0.6018815896363221,2,50.72000222747274,0.2483762603698002,0.7959263871435024,-0.1426874165189435,-0.9260104761559091,0.757776560375158,0.5505706345413642,0.0060189149637133,13,1,1,aggressive,3,0.9014858511007492,4,1,1,3,2,5
21,1,5,2,0.5824226582072465,3,19.487527137523443,0.2144064829931645,0.1751231401303532,0.0858875334008144,15.760943637337215,0.2819183555972516,0.192493150635827,0.1688238010646941,23,4,5,conservative,5,0.2703832353106563,4,1,4,4,1,1
50,5,3,4,0.7480731794295321,1,47.547015834784425,0.2708063280369726,0.6727646144124667,-0.082658631423596,15.71692812109373,0.3180396116945199,0.1018787641395565,-0.0791904979882212,83,5,4,conservative,1,0.8035417768264277,2,1,1,4,5,4
31,5,2,2,0.8117697880901376,6,53.62045654383335,0.2475597702798864,0.2205042634356471,0.0101881229423572,12.939528511546207,0.9246417911286366,0.9111205013919575,-0.0545415845213122,39,3,5,balanced,2,0.995604201803506,3,0,4,3,2,5
38,4,1,5,0.6564786073315027,3,26.59522775501524,0.0625262957428457,0.2182075345521722,0.079133114202068,-5.599146579544554,0.0562242948509722,0.8205075042321092,-0.0984326500195627,88,1,1,balanced,1,0.2526630021712823,3,0,4,4,2,2
65,2,2,5,0.1280957463662,3,54.68664548740913,0.4589405165968203,0.8740717733051852,0.1601056444808281,10.709685407021867,0.4856342984133404,0.7600349018031739,0.2997842724238693,80,5,1,aggressive,4,0.4367771693233196,5,0,1,4,2,1
37,1,2,5,0.3382675059944984,7,23.261765183828377,0.7327334747861651,0.2496689527402301,0.1168764779206704,18.350721937417063,0.9128008004078616,0.0487663188131404,0.2209094788589911,97,5,1,conservative,4,0.5201807365667597,4,1,3,5,3,5
25,2,5,1,0.9280836403260496,3,57.880626572916384,0.6067317247174364,0.2632473465180112,0.0705444271490896,10.476214363014712,0.610363007818157,0.8437287927102575,0.2146892058934163,12,2,1,balanced,5,0.2949311358038643,1,1,5,3,3,1
24,1,1,4,0.2246156118438519,3,6.2680819470088025,0.6728716685980798,0.0006533907612995,0.0718532729580574,-0.0514945267649817,0.5464070742121321,0.4380440759053837,0.1038904301152718,34,3,2,aggressive,2,0.0152648396460297,2,0,1,4,5,5
20,4,1,5,0.3721670238375133,2,41.53413672369132,0.0811491785362391,0.8706690341255177,0.1783698576128346,5.017379522924939,0.2497441792293552,0.3423951232958596,0.0200268331621759,71,1,5,aggressive,3,0.2201292441975266,2,1,5,3,4,1
34,4,1,1,0.432076882944196,6,30.13502838695879,0.9514907101767872,0.7925948132091347,-0.0816703610013855,9.37175130053161,0.3432754890644482,0.5464763610253764,-0.0394942862149296,75,2,3,aggressive,2,0.2819368843417584,2,1,3,1,3,5
50,5,1,4,0.4394049896944522,6,23.871279521883174,0.8384918338430248,0.627328935090678,-0.199555162321525,5.317112261855106,0.8520484158046929,0.0913532427235558,0.0138698955385854,31,2,4,balanced,1,0.4435997013181871,2,0,2,1,3,2
65,2,1,2,0.6129395824945255,6,38.33000084616745,0.8050903184956627,0.7502657639388423,-0.0912181762407205,-6.401411748070905,0.5592181317684581,0.7566465493523988,0.0503884887716556,93,4,1,balanced,4,0.1711024784134018,1,0,1,3,2,2
29,5,5,1,0.9430758377447076,4,42.52756840642554,0.8229838050417675,0.1520485674244918,-0.1128434481493024,-0.6380786604393798,0.5147421937567799,0.5824350768882959,0.2025240387921176,62,5,5,conservative,1,0.8732543566916726,1,1,4,2,3,4
68,2,3,3,0.2406927118325049,5,1.2574329093682362,0.9327105081327614,0.4583235945875754,0.0647338340455992,14.071880916608976,0.0995797135400289,0.1865900968731675,0.1158647155612609,13,1,1,conservative,5,0.7049111327313361,5,1,1,5,1,2
39,5,2,1,0.121501376300918,6,10.850232236084723,0.5442539661136977,0.3512193873487809,0.0534846399062116,15.842541382865525,0.0160281564551231,0.1882321997690456,-0.0690065493778069,31,1,1,aggressive,4,0.0852004775596619,4,0,2,1,1,2
39,3,1,1,0.1974704898599373,3,43.069716987424805,0.2002820178676259,0.0937765262570164,0.0373845530818895,-5.8809990185328935,0.9636851886870492,0.1842486515726742,-0.0927883964164351,2,1,1,aggressive,3,0.6500924511399314,1,1,2,2,5,1
63,3,3,4,0.8869249002092695,3,40.31673940111418,0.6167836078525412,0.4861304852149241,-0.1935026227162185,18.571602571961737,0.3769861672868416,0.0570023875519339,-0.0590671281863747,15,2,1,balanced,4,0.6536564764056204,5,0,1,4,5,3
47,3,3,2,0.645810812655206,6,57.99680280259196,0.742881493667939,0.9207396503426354,0.091511221780259,-0.13532146454172,0.6032130620995043,0.5877984493716848,0.0641994854789517,57,4,1,balanced,2,0.9562211736436276,3,0,5,4,5,2
55,3,2,3,0.2859067892391601,7,45.901229624796194,0.7379173933540254,0.0400591190506944,-0.0705878350058034,9.869412161921598,0.0797150731872849,0.8403481775885081,0.2732771668196073,75,3,4,conservative,2,0.0030208713561612,4,0,3,4,2,3
55,1,5,5,0.8159469389686173,6,57.09558975614895,0.5214490241668801,0.2914609134937939,0.0660223956026524,12.554754378700434,0.6831142857230466,0.0174982139873886,0.1549609924836886,34,2,5,conservative,4,0.2479324498058072,1,1,5,5,2,4
62,3,4,5,0.861369996363436,3,42.44988959055361,0.068458719333578,0.2075409362057034,0.0226313714008613,14.358387039136502,0.9325667087059608,0.0490046449712735,0.220730359950206,68,3,1,conservative,5,0.9277914793753156,3,0,3,1,3,4
68,4,4,1,0.846514338690278,4,18.585080309727147,0.3711129384301278,0.2381466536656963,-0.0629076298288371,18.372491066777904,0.5756652529974197,0.5727702766869458,0.0865498378018194,75,4,1,balanced,2,0.932133915398283,5,0,3,2,1,3
25,4,3,4,0.9189265336395545,1,7.216530412800532,0.9207666084633572,0.9084345518793752,-0.1461694931583569,-0.6124135591353213,0.1261153223754105,0.8194956853860523,0.0446664332780171,29,5,1,aggressive,2,0.7205864193706374,1,1,1,5,2,2
44,1,2,4,0.2522410201733616,1,47.1276079373512,0.584448909757426,0.4680690542342901,-0.1622324409358076,15.755193636546636,0.5817215274734767,0.3267388905686336,-0.0566398509133509,66,1,1,conservative,3,0.76576332104754,1,0,4,2,4,2
44,3,4,5,0.7550419287462783,6,39.00480406707904,0.5383319432557134,0.4662994129398188,0.1326073332448894,-6.049392896913789,0.7663472131046524,0.3496143988077221,0.250373208874482,16,3,2,conservative,4,0.0914829579296471,3,1,3,5,5,5
51,3,3,3,0.46053949727414,2,3.842974731204477,0.2688535143821935,0.7605756424552823,0.1673590168326232,11.15122719060778,0.4064165365740186,0.5963464974967759,0.2132640116111611,39,2,2,balanced,2,0.5138758347782336,1,1,3,3,4,5
38,3,5,2,0.8419985528900615,6,22.24297748815772,0.3684489199165789,0.1544922040049258,0.0599152187057198,12.259331885419575,0.8798377479414679,0.274212889124147,-0.0327527609609099,77,3,3,conservative,5,0.2315829912889994,2,1,3,4,4,2
47,5,4,3,0.7284906771616132,7,57.45118911357288,0.8953460891531693,0.4872653541000508,-0.1586263540558066,10.331697236039613,0.6486829533573645,0.0266083660776841,0.1049042255505042,37,5,1,aggressive,1,0.1812180436136172,1,0,3,1,5,4
50,2,3,2,0.7764474464997246,6,30.523667596901877,0.6664630475268357,0.4299852141210597,-0.0391891132447037,-2.4305579159454105,0.8992489182892025,0.7352285181015961,0.0949499231684979,81,1,3,balanced,4,0.8103032991233325,4,0,2,5,3,4
45,5,3,5,0.6561618376810715,1,26.53101902516257,0.7873870267523329,0.5969106905466561,0.0915756800420629,16.191294410456102,0.6235053112473372,0.6256499129414531,0.1500366210746114,21,3,4,conservative,3,0.1350381366805474,3,1,2,5,3,1
64,2,1,2,0.1774287694697068,3,28.004276704398343,0.4543454230676551,0.9995577032504386,0.1119283536040272,-4.93424609888815,0.1312879720048242,0.5807559990556591,0.2784747575965045,44,5,3,conservative,2,0.4686516369963852,4,1,2,2,2,2
50,3,5,4,0.5450269188969383,6,13.32408071630466,0.6302472194561579,0.7694488940820471,-0.1527125510835645,-8.390956254375075,0.3096917111051891,0.7416841289918231,0.1319085767049918,19,2,5,balanced,5,0.938578239586033,5,1,4,1,3,1
22,3,1,1,0.9846697395245082,3,22.75372308102292,0.2483836087432075,0.3978657030174272,-0.199987712461847,11.523949718357365,0.2017949482524569,0.6752308375620375,0.1160869067114474,71,4,2,balanced,4,0.1858320555653425,4,0,3,1,3,4
65,5,2,1,0.9373880664971188,3,22.81898210324342,0.7054608302834863,0.827553052274047,0.084854818352242,4.26427145698201,0.9088264977168624,0.2058819881783211,-0.0798708268261344,8,2,2,conservative,5,0.9779934237382346,2,1,4,2,4,5
36,5,1,5,0.0431737357970116,2,4.088946191060872,0.4276013337033373,0.1707083633124801,-0.0573615296055177,15.472940598760282,0.7604000672874827,0.3524810469433511,-0.0748370095927904,77,1,1,aggressive,5,0.994287985761059,2,1,1,1,3,4
21,2,1,4,0.1648148157294371,3,46.28649008255718,0.4425455148147456,0.0304636863089601,-0.0982074673526959,1.5019142317477687,0.676398368910006,0.126110141678625,-0.0250612834692844,66,2,1,balanced,3,0.5556171546824029,4,1,3,2,5,2
52,4,4,3,0.1317287734545619,1,25.57376148232886,0.6493223245768817,0.204448372464273,-0.1948410120841898,-4.951642344768615,0.3009663196316217,0.129857013417881,-0.0870116913233007,41,2,4,aggressive,4,0.1701427401771579,5,0,1,2,1,4
66,2,3,4,0.7259799099852955,4,49.508613322168976,0.9362806214689268,0.3404115561142596,0.0161197627045998,15.093265774096093,0.1840447720502135,0.6761957463565392,0.1973411582280049,75,2,4,conservative,2,0.3161048879408956,1,1,3,4,4,1
34,5,5,1,0.8177853298569451,4,51.17053206607383,0.0640063466086209,0.5105807574595599,0.1404602941703926,6.46728894920215,0.7564510879889118,0.8586001069824982,0.1893321215975852,88,2,5,aggressive,3,0.4244928326765351,2,0,4,1,1,3
61,5,1,1,0.2135113663106719,5,13.507649227220826,0.8247432373470076,0.6151291405411998,0.1830526585090351,-4.324126228289353,0.4741579458790796,0.962732583861139,-0.0455775062273428,70,1,1,conservative,2,0.3093242243582229,4,0,4,4,3,2
45,1,5,4,0.505852692951829,7,39.78385544803759,0.2923831104121931,0.9106057172144216,0.0262979802453156,11.611519957593371,0.2257895521506291,0.6283471175494444,0.2344315603181123,61,5,1,conservative,1,0.2806355798765158,4,1,2,3,2,2
47,5,1,4,0.8407030280112,6,28.86462644561592,0.4439194545063778,0.5098540095504577,0.0057845310959576,5.333409154685016,0.6166219781652751,0.1841013233609569,-0.0380855860615552,26,3,4,conservative,5,0.9722297092163577,4,1,3,4,2,1
46,1,2,1,0.7328015447662506,7,52.92924753736762,0.0219133287750089,0.5012756446257294,-0.1659774458043035,8.129389467209595,0.0403338521384519,0.1056503454489307,0.0204702347989435,71,4,4,conservative,1,0.1533648274157456,1,1,2,2,2,3
63,4,1,3,0.5422372054918483,1,13.728700071410794,0.301046077834313,0.0502430098229821,0.0195491206170398,3.826950146197456,0.3261702541282535,0.8128509715367578,-0.000409240335454,83,3,4,aggressive,5,0.7333279087168623,3,0,1,3,4,1
23,2,4,5,0.5903476904587729,3,40.99097881829261,0.5026312426301305,0.0349115526562238,-0.0480083684138421,14.86126951454019,0.4685569945911346,0.5787564763599993,0.0489228394292191,70,3,2,conservative,3,0.0004102894391748,5,0,4,5,5,3
52,2,3,5,0.50836054691628,4,36.85737521291063,0.056176077347439,0.5511599619163721,0.0428541123534307,14.886881470491495,0.1479583341094058,0.6182850210137198,0.0018655063559847,29,4,3,conservative,2,0.5961826694023769,3,0,5,4,3,1
58,1,2,4,0.2975484513188206,7,18.422787176738133,0.4910957293831651,0.4381786132483445,-0.0445094608493813,11.281664654731586,0.9846544775908396,0.7814620887547092,0.0955803705753808,66,1,3,aggressive,2,0.9159430039540524,5,1,3,3,2,3
54,2,1,5,0.5650219928590161,1,9.059453315419184,0.9271106288584272,0.8391803949802986,-0.1038803506198533,-6.837958678106132,0.2090973645896142,0.7032772277324516,0.0629631525418741,19,4,1,balanced,3,0.287934094093219,5,0,2,2,5,4
41,5,5,1,0.6888853020500907,4,39.44674586815932,0.1053932181078052,0.1606795847118451,-0.1620138899086494,15.165615857122068,0.1303531300432655,0.8344582528560966,0.2946277963117306,68,1,2,aggressive,4,0.1855259752577192,4,1,5,4,3,1
46,3,2,1,0.8733229158608077,3,44.57725002980751,0.7644407280755043,0.0249716621170495,-0.0740326221644417,10.130389415987295,0.2035348738868964,0.0562139054598784,-0.0776294599487097,58,3,4,aggressive,1,0.651679794878427,2,1,2,3,2,3
66,1,2,4,0.6362913539792481,7,19.62201328203765,0.4096710533759926,0.4490387679301258,-0.1613420662848991,10.910724980128986,0.7690611331597242,0.7475206367465048,-0.0431274494450593,70,1,1,aggressive,1,0.7126014072983932,4,1,5,1,5,2
63,2,1,4,0.761121537043158,4,39.045123637316514,0.655173714524338,0.2374785567522574,-0.1292412196704064,0.8894852121161492,0.4255056592718428,0.8508527573220954,-0.078869642436559,57,5,2,conservative,2,0.6880305189519813,1,0,2,5,5,2
48,1,2,4,0.160071634954573,6,24.312723549078694,0.2602365979852293,0.0496143733388374,0.1949344634318183,16.3783866847102,0.565415939752538,0.2861350424583143,0.1503364779929503,37,4,5,conservative,2,0.319316880021374,5,0,1,3,4,2
52,1,5,3,0.4615574744197899,6,43.079206113674445,0.1594922625413583,0.724598286847629,-0.0223585772373525,11.761148007045724,0.0210091569863607,0.6404472739932529,-0.0781962890345121,61,5,2,conservative,2,0.2522024021593309,2,0,4,4,2,3
50,3,2,5,0.0093316198270932,5,12.753701218749134,0.1604626142712264,0.1115929999572474,0.0127487066020066,-6.622286004124166,0.0344313085733145,0.3141620638369721,0.2345758949504493,92,3,1,balanced,3,0.9559187999620442,5,1,4,5,4,4
69,5,5,4,0.246678864521623,5,53.52268515553429,0.0704919456431446,0.6083195000077717,0.1494474114948861,2.23334103218488,0.4458255498270161,0.957971066482454,0.1047754522727711,30,4,3,conservative,4,0.9232995082699296,5,0,3,5,1,5
38,1,1,2,0.7264617151130048,4,17.957166191469206,0.185646704901243,0.2810497501668891,0.1982275601962751,16.591410858804252,0.8166552432016235,0.0334235724355037,0.1108030498326134,71,3,4,balanced,1,0.4573166098928203,4,0,4,1,2,1
49,2,3,2,0.9918099513493636,1,22.69937327761302,0.6642193849889683,0.173496050355022,0.0330857797378726,-8.58409894907863,0.8852388787075652,0.579792843832955,0.1246378030848776,73,5,5,conservative,5,0.8461938661543734,2,1,5,1,4,3
40,4,2,1,0.0991780995872159,6,4.427425172740637,0.881690611843508,0.3797515229193174,0.1249895284176687,18.842498589261485,0.0867065675956402,0.1665035470495151,-0.0316745174775157,25,3,2,aggressive,3,0.452323477634296,2,1,2,5,4,5
50,1,3,5,0.4014943158612882,1,7.579220526955307,0.8141256855911618,0.8014457762229537,-0.0692235902653299,10.374877049586884,0.5383631021010228,0.7122202051771587,-0.0209238787542049,97,4,1,conservative,1,0.4243890180725104,5,0,3,1,5,3
20,1,5,4,0.8000709686991595,1,31.43585226002736,0.6851343098744841,0.3920935769045727,-0.0777024170210835,8.941279329301299,0.9132296862792704,0.175890283418662,0.0275269291492018,65,4,1,balanced,4,0.1567629475992946,2,1,1,5,2,2
35,3,2,2,0.2040356346288988,4,16.787967926950316,0.1104318634111026,0.7507696492110557,-0.0389185116021759,-1.883222305360258,0.3879727543978863,0.2353832618983575,0.1373985663287405,6,3,4,balanced,3,0.4264060564919728,2,0,1,4,1,1
42,5,4,5,0.5550849493022862,1,50.29333331878947,0.2891874462959498,0.1254862967991507,0.0690029050694596,-2.536246337824688,0.8295658314283686,0.4943708110457581,-0.0159528896239141,18,4,1,conservative,1,0.537416938599807,4,1,4,1,3,3
59,4,3,1,0.7330712960296748,6,1.8669099306422767,0.309806875322469,0.7727714196650791,0.0728766757020394,18.261746584657864,0.1336956543994362,0.914834949996878,-0.0534673091466955,10,4,1,aggressive,3,0.0225043274286864,3,1,5,2,5,1
48,2,2,3,0.615985450260179,3,23.366548871644238,0.2499569463976212,0.2369333249066486,-0.0739042261402196,-1.0518263729763184,0.9353944896677988,0.2117143721479708,0.2880467545673729,92,3,4,conservative,1,0.4441130051754064,1,0,4,5,3,1
20,4,3,5,0.1880247346154161,5,20.90338725937647,0.5150056597097231,0.6773931298888728,-0.1467160303453485,13.265158901569984,0.7514233175313026,0.1442400211181035,-0.0912072740761508,11,5,5,conservative,1,0.7813562183952003,3,1,5,2,3,2
57,2,2,5,0.3553845686857394,3,2.140330224138461,0.5355538148796726,0.5657815548409963,0.0529585025862034,1.793653946212375,0.9413343927869016,0.7589768318540306,0.2210789621344086,97,4,3,conservative,4,0.6800460563742698,2,1,1,2,1,2
63,5,1,3,0.7837917844853972,1,8.337735541030103,0.3568859751711102,0.9291447172116872,-0.1486696551244942,-5.822377876458881,0.6766172335525065,0.500619532333931,0.2152140598300088,65,4,3,aggressive,5,0.635156988863935,5,1,2,5,5,2
41,2,3,5,0.5542265141320166,3,25.40491782019948,0.353789158736436,0.387322517975314,0.031397003291732,-9.678541069139232,0.363403931999427,0.9117851123817714,0.0188856455380383,77,4,2,balanced,4,0.9095554284372024,1,0,5,4,3,1
67,3,4,1,0.0052296135429127,6,30.07901048239935,0.8285555979060814,0.0661651888344404,0.0773688512225235,6.327720110457523,0.9381811725247224,0.1466145571598422,-0.0457493535970746,84,4,5,aggressive,1,0.01803200982523,1,1,1,3,2,2
49,3,4,1,0.7609907600280938,6,24.85309508803728,0.7892928483196856,0.0191554855512529,0.0802445985577806,19.273364556467985,0.2755667763091785,0.6459278930230393,-0.0417485413178306,65,3,2,balanced,3,0.5570475861922342,5,1,2,5,1,2
64,3,5,3,0.035311354940239,1,32.32532302631354,0.3077958316807456,0.8268585609727531,0.1013888442638387,1.0740858142761347,0.3321725220617325,0.232879146151815,0.178972646894877,52,5,3,balanced,4,0.7873488484097071,1,0,1,4,1,2
39,3,2,4,0.7457337827312321,4,36.11276881943521,0.9137884438732592,0.5247356376614322,0.1491437686262658,0.7157700197913446,0.7008084180017403,0.1567604286516393,0.1571226364344694,67,5,4,balanced,5,0.5413353827012672,5,0,1,3,4,5
40,4,3,2,0.2024805601652374,3,1.5855054465423022,0.952815017002506,0.7752440518349493,-1.6403214084637074e-05,0.322748535483262,0.7653162995253863,0.6834294151572705,0.2130982697005547,82,1,1,aggressive,1,0.3238955525803791,1,1,4,2,3,5
19,5,5,4,0.9580734801193802,4,28.38161440775673,0.3267425420300408,0.2344256000115147,0.0920996758118284,5.616315119145753,0.9294034838491538,0.5936846199087332,0.2749924689596419,78,4,3,conservative,4,0.1362505650919778,3,1,3,4,4,1
44,2,3,5,0.3679407513020845,4,57.84645521236771,0.3544249487930548,0.3450837455132337,0.0476690941463346,3.2199465027288063,0.2048024090562095,0.7548274583623312,0.1767709453066368,31,4,5,conservative,4,0.8875630718161913,1,1,1,5,3,4
59,2,2,2,0.3269316163380791,2,31.62290452764337,0.5056341534219588,0.0301038722113189,-0.1253440240809269,16.397438801810434,0.797998035219224,0.3094625764461823,-0.0376593853794226,91,1,3,conservative,4,0.470762392387603,4,0,2,4,2,5
19,3,4,3,0.1488880503324446,1,40.97499378007824,0.9411208125336736,0.9614923245741122,-0.1897241420522367,5.165623751704709,0.7385460533969634,0.4479716563821899,-0.0026229532938357,17,5,5,conservative,4,0.8781151969857014,5,1,4,3,3,5
43,3,1,3,0.3056042154902149,5,19.39996761709611,0.8763194331423115,0.6678679067008134,-0.0861834457292265,5.232735145657063,0.0637945562535978,0.4054716763304185,0.2368774923492458,55,2,5,conservative,3,0.5858521224331683,1,0,3,2,2,3
34,1,4,2,0.8766507618282006,6,46.66549131101299,0.1025679625835898,0.9332050877593062,-0.0227865174649522,-5.848852158383302,0.3872231412102069,0.9840894639665142,-0.0162775696663165,93,2,5,aggressive,5,0.6741921166150008,5,0,2,4,1,1
57,5,5,1,0.9963343376272472,6,46.60236743069079,0.3927307432714162,0.2654964074290723,0.0468423777714625,19.48218622731158,0.2827654570600986,0.2922489567393879,-0.0709910732182074,36,5,2,aggressive,5,0.80426115437845,4,1,2,1,3,3
50,4,1,2,0.3683095305068483,1,31.7564668115942,0.5533711897497718,0.6114636112256608,0.1399837322012821,-2.50081327393511,0.3044904243540304,0.2948172383467669,0.1813120216169002,26,4,4,aggressive,1,0.6591555446001344,1,1,1,1,4,3
26,2,5,5,0.4486106309545425,7,58.584815573473605,0.50313247255154,0.6784999682926378,-0.1215017133175337,-7.79907797621192,0.9829468795547008,0.3545482088286074,0.0610105421960568,53,2,3,aggressive,2,0.3980548406789377,1,0,2,5,2,2
60,1,2,1,0.722070938202737,7,8.40746267099655,0.1938630679368926,0.3175497002575884,-0.1497800840406091,9.894387469256262,0.6427774134799279,0.5645940812903215,0.2680160210183614,17,3,4,aggressive,3,0.513633383928651,4,1,1,1,2,5
65,1,1,3,0.8861957804650745,7,1.9999122284852784,0.8588167711681547,0.8481092350156301,0.185391978989731,7.86099110470618,0.7176761577934996,0.2523227442637452,0.1601020284374646,86,3,1,aggressive,1,0.8030455246758799,4,1,5,5,1,5
56,2,5,2,0.5930443341867842,5,46.43933449366866,0.6769407829968374,0.9471614629002478,-0.1567821762494371,2.454369619782371,0.9766176373150092,0.915289940379274,-0.0638324088833357,25,1,3,aggressive,1,0.3736502963729842,4,0,2,1,2,1
46,4,2,4,0.3915256981778293,6,48.62217670452807,0.8379083748518036,0.8848551176960043,-0.0086035719571243,2.6657670164203413,0.3772017824576387,0.2656855648662635,0.2791426269014643,2,5,4,conservative,4,0.3881214567684971,5,1,4,1,4,5
59,1,4,4,0.4126218408486237,1,8.092226518113998,0.8587642793494722,0.7390669759393725,0.0342254915173207,13.551917631392936,0.8018401684528059,0.8958157315601947,0.0034229054560983,86,5,4,balanced,2,0.0956901160580011,4,0,4,1,4,1
43,1,2,5,0.6956181464968069,6,16.66938714455776,0.7483558536657398,0.277464679724954,0.0165497683629753,-4.128620797010528,0.4345309633044953,0.1034750636465846,0.0348849961625143,5,2,1,aggressive,2,0.9145844352217476,5,1,4,4,4,1
52,5,3,4,0.0032182636042786,4,2.035589438631105,0.4392106012497173,0.2816160421056317,-0.1655871371868227,14.607599568346693,0.8695336718149798,0.6565627023996523,0.0609041654734168,4,4,5,balanced,3,0.0910363149454417,3,0,5,5,1,4
67,4,2,2,0.6195893374598407,3,18.305208036053315,0.6105467550154245,0.963360320446038,-0.1771892343985522,9.462413416850543,0.1806575413113031,0.9069855184382436,-0.0795102814382747,36,5,3,aggressive,2,0.6482091774485559,1,0,4,3,4,2
42,1,2,2,0.3554930104413574,3,46.615370561201615,0.1603654061197431,0.010284495935692,-0.1578066290155857,2.569093213385731,0.9476861770642796,0.1687494383982295,0.0986061688922419,6,2,3,aggressive,1,0.4131944788027977,1,1,4,4,4,1
41,4,3,4,0.7941973312770843,6,31.55967113504216,0.6736454174749077,0.7160499732421445,0.034235073549045,3.740858497516058,0.2187717084108796,0.968326960099255,-0.0506726035698831,21,2,1,conservative,2,0.4056193902554423,2,0,3,5,1,1
30,2,5,2,0.0929906398231321,2,21.537639996929,0.1792532557392807,0.7062461625552622,0.0177379550537284,-2.3005837844171264,0.3262205069809315,0.4528833604155117,0.0603881306753407,77,5,5,balanced,2,0.6795518365726839,3,0,1,2,3,4
24,3,5,5,0.5882022669483905,5,22.932618399473487,0.6939495905101568,0.6226895409497974,-0.1065036831853023,12.563429980909245,0.7561922341067805,0.9457151084410244,0.0402839151968337,89,2,3,conservative,5,0.0670937326298787,4,1,1,3,1,1
53,1,2,1,0.4809728898861237,7,1.079863917212621,0.2295981607539686,0.9901088460868658,0.0551096567382366,5.386242269158032,0.3937551415654067,0.676820043630047,0.2091360333706013,26,1,3,conservative,1,0.5937057829514346,4,1,4,2,2,4
62,5,3,5,0.6423255259052274,5,18.68823112634892,0.1175513001502199,0.3118794357637252,0.1280270008222597,-0.3743637175046928,0.6082113767664467,0.3015868698735515,0.2212682046530924,55,1,3,balanced,2,0.7720317859723548,3,1,5,1,5,1
37,2,3,5,0.0648535944829683,5,39.1410657566379,0.1652844901429574,0.3399718637932482,-0.1833684160613625,7.881503472828506,0.4445735010694285,0.1883025249171064,-0.0386348470443647,39,5,5,conservative,2,0.8282127578865942,4,0,4,1,3,1
18,4,4,2,0.5799837874281313,4,58.47747218516507,0.0019921352190702,0.0789394029465555,-0.000748022580783,19.87203356153969,0.7423699370897818,0.3037350462250994,0.0466204749516904,84,4,1,aggressive,4,0.1705303893937753,2,0,1,3,2,4
25,2,5,1,0.5614845879595237,5,50.97658879205007,0.7187396178535302,0.4427981365437374,0.0757241648410761,3.0578683896966155,0.2283312523686108,0.0930174092626749,0.0493412644127326,33,1,3,aggressive,2,0.8974190500781737,5,0,2,2,1,3
63,1,1,2,0.5606600944161709,3,2.3921029140862187,0.7324010490583791,0.2610485262348481,-0.0990752291721251,17.620742023358588,0.058457987236877,0.1438679663433297,-0.0394358224255659,14,1,4,aggressive,2,0.6561460918474422,1,1,2,3,2,5
33,4,5,3,0.6034876665964548,4,54.01507567581552,0.5149333499132595,0.3433867021776442,-0.0768916378827403,0.3505051977369824,0.2999293974730662,0.1046604403464811,0.2193814020204762,56,5,5,aggressive,5,0.8818548008206828,3,0,4,1,4,2
31,3,5,2,0.6764679372263622,1,47.20870638461893,0.1613628010553837,0.8345717902556277,0.0454551611957535,-8.358018792250423,0.4743086648684302,0.4229435437415577,0.1828913313341693,100,3,2,aggressive,1,0.4852807171101982,1,0,5,4,1,1
29,2,4,2,0.8049889996807698,5,47.042191290687846,0.0835543375106897,0.9354845135274956,0.1591741173774947,-3.872736808947134,0.1680200521926785,0.7955783762575864,-0.0238472854811861,81,2,1,conservative,3,0.542033345097202,5,1,4,3,1,2
68,1,1,2,0.2698207201282143,5,28.021749781210715,0.019128966437287,0.1857330720051856,0.1239697681211597,2.5608542998305257,0.3547972896563887,0.1413835542163402,0.0466887634375196,21,1,4,conservative,1,0.9190382770286712,3,0,3,5,5,5
40,5,4,1,0.8250494101800621,1,24.482312284315668,0.1657481769652207,0.3725089315534658,0.0332520876398333,-3.4109521421629294,0.3999830182935685,0.1303204331723358,-0.0576779900573943,46,3,3,aggressive,4,0.8999095433546718,5,1,5,3,4,4
32,4,1,2,0.4982556822634536,5,18.87202800115837,0.8908555349831467,0.928630562115394,0.0920886871028996,-9.993188853452336,0.0573918436882735,0.6434289495173308,0.1512826388372175,16,4,2,aggressive,1,0.448160873369002,4,1,4,4,2,2
45,2,2,1,0.0770582791343311,1,4.8759966783075805,0.2415368417016817,0.0618084606892226,-0.0540710119168805,17.45004613242582,0.5833072481842045,0.1971829819680662,-0.0514512301805521,16,3,1,conservative,2,0.2744126316356817,4,1,3,2,3,1
51,2,1,4,0.0585509292439792,4,14.465886446128248,0.3542713272172156,0.0923605281113785,0.0563862112395031,15.31638233692787,0.8843434279712875,0.0976100381089916,0.2943736674499672,84,5,5,balanced,4,0.3931704345642641,4,0,1,1,1,1
19,3,4,3,0.3342383186960608,3,15.549614463703453,0.1053454844813331,0.1627909892062293,-0.0135273635489772,12.268766944608412,0.1517429129530524,0.1668485782055776,0.2122728298751449,29,4,2,conservative,1,0.3877643285297497,5,0,1,5,1,3
49,3,5,1,0.7848969771114676,1,29.560547112901894,0.2223613047481702,0.5952128341268748,-0.1240255454169756,-4.965562130619141,0.597808013401514,0.923731395876776,0.056095419833598,92,4,2,conservative,4,0.2868668749827939,5,0,5,5,2,2
40,5,1,4,0.7076809347409158,2,45.09921998920495,0.5192245707802051,0.1504722710059974,0.0806953095509028,-6.3890927137004185,0.6647392049108463,0.8214712527761908,0.1314255729117417,8,3,4,conservative,3,0.2685796043329665,5,1,1,1,1,3
39,5,1,1,0.7886149646724064,1,28.95477987547885,0.6077526830956526,0.9680763814507336,0.0225858549395288,-7.971857515828505,0.4193346804192883,0.3540645623550941,0.2645367264865635,88,5,1,conservative,1,0.8610629364797194,1,1,2,5,4,3
68,1,3,1,0.5172690564416094,5,4.412822517382476,0.245352314166211,0.4467145272585203,-0.0565513672185634,11.720875663187638,0.70109758736427,0.6558207673273928,0.1216397121583304,3,1,4,conservative,2,0.0698619206846616,5,1,1,5,2,2
42,1,5,3,0.4401989979554905,7,57.50959825830403,0.0577321592251172,0.5015179603501664,0.1645356760314523,17.864238820636558,0.410731543491012,0.5372756736680381,-0.0302006054408179,89,3,4,balanced,4,0.6776111820995941,4,0,1,4,4,5
39,5,2,5,0.1474525267062839,7,56.62073482655262,0.3910328691273986,0.2466586158054065,-0.1916263528693067,2.91607462739111,0.5046372879774349,0.6771242634825639,0.0514813422324637,19,1,3,aggressive,5,0.1728200514564523,2,0,2,2,2,2
39,5,4,5,0.3281927536093115,4,47.326183045756096,0.2342033709263341,0.4709602524347335,-0.0736907395002016,-6.425779840118555,0.0073530445544269,0.6826711524627593,0.2372579460118981,97,3,5,aggressive,4,0.3445058933940632,5,0,1,2,2,1
66,4,2,1,0.4340193661738752,6,59.488346192289015,0.2195539232298019,0.6619136326370115,-0.1772474408889414,5.371784621963197,0.6917201141346888,0.6287340150599929,0.1576852063958471,66,1,2,balanced,5,0.0615430341348368,2,0,3,3,3,1
69,3,5,2,0.0886004296796172,4,33.124457635215514,0.9598628027134553,0.7511771369540428,0.1066109264886508,0.4649572237589048,0.6613426789447244,0.2661013685373086,0.1602897537335201,79,3,1,aggressive,2,0.269973636855462,4,0,2,3,5,1
59,1,1,4,0.2206119527112112,6,57.80333266493916,0.6163004859257241,0.753868082709913,0.080842981645517,1.244747730499931,0.0384008773263445,0.0390064207628181,0.2467285942753957,86,4,5,aggressive,3,0.7684210711172421,5,1,1,4,5,2
23,3,1,2,0.5982252940637388,7,5.460697396388296,0.5568784431720959,0.5778911126940883,-0.0674591125054731,8.639918724671219,0.3682501073951331,0.4555667819901088,0.2575892229850018,74,2,5,aggressive,5,0.8850153245472586,1,0,2,2,4,4
32,3,5,2,0.7356631142391898,7,22.575164147420907,0.4157751035233219,0.9043597749938572,0.0702651608828291,11.561543397866073,0.9790318407916674,0.8909738846907038,0.2679170287117746,82,4,1,balanced,3,0.221527151902367,1,1,2,4,4,5
60,5,1,1,0.9983475113929496,1,14.297494812399185,0.4289443334301442,0.8174078473061094,-0.04162510952162,-6.681892033805175,0.4207365625686168,0.5694972585185759,-0.0620603226987375,22,1,5,balanced,4,0.4635478392589218,2,1,2,5,5,5
54,4,1,1,0.9331133313435576,3,12.554151963921932,0.5409050038380808,0.7570481146986254,0.1025015165689737,-8.932293075805708,0.5019454051318417,0.8323910417019079,0.1176504007852403,46,5,3,aggressive,2,0.4703240479372064,1,0,1,3,4,4
50,2,1,1,0.6425651995351915,2,9.307373984667889,0.6964298070361072,0.0556055216804606,-0.0183265349053175,19.829909080571447,0.9099301581597186,0.991624342961228,0.1962038084873274,91,4,5,aggressive,5,0.8735753057597342,1,1,2,3,3,1
25,4,4,1,0.421248053294072,4,37.7224048523938,0.7021460961818294,0.0068779622196493,-0.0350881088673337,-3.018149532533445,0.7172618758657564,0.1636162041382762,0.2027707380508055,13,2,3,aggressive,4,0.7627990528758054,1,0,1,1,2,3
61,4,4,5,0.6361773647082327,5,47.097989489091,0.1716939077054495,0.2124472771954729,0.1738919661953203,-8.385084252746228,0.5820701311242236,0.6917776391419823,0.1426864807880015,33,1,2,conservative,1,0.5130772183680499,4,0,3,4,5,2
61,3,3,1,0.785651618080232,6,35.11960556580128,0.500112752076627,0.6635235939134523,-0.0996483600437199,-4.303740127122401,0.7978046813410725,0.6742935737000246,-0.0332850659265303,5,4,2,conservative,4,0.6707472004717734,1,1,4,5,4,2
22,4,2,5,0.1183361909233873,5,9.670799865704373,0.4119580950341019,0.4111974888825458,-0.1518210640013738,-8.831264609546073,0.8643662664559733,0.9799554473582784,0.2189682215766657,90,3,4,conservative,3,0.8473550539093668,3,0,4,5,5,2
56,1,5,5,0.4099048896962882,3,48.856302426074784,0.8705269662693842,0.4024062592993117,0.0338172453037832,1.7543268385151496,0.4568880717372668,0.9856007339528003,0.1880445334059783,77,5,3,balanced,2,0.0095389540255449,5,0,4,1,4,4
21,3,5,1,0.8398022856356172,6,38.52132772265998,0.6314189212183764,0.8845868882296137,0.1877287249136716,14.072053533539728,0.4751083649318354,0.6866786117241295,-0.0655456913803854,27,1,2,aggressive,2,0.4028900310500486,1,1,3,4,1,4
23,1,5,3,0.383832951933044,4,23.901776661492736,0.5325040664159818,0.8955628481318387,-0.0488643145091253,0.2373334927316186,0.3860509356518358,0.2436147919821942,0.0855239298697505,78,4,5,balanced,4,0.9072431672770788,1,1,3,2,4,1
62,2,3,4,0.5718722712271865,1,40.77368743662772,0.1153946421789173,0.9091752640535856,-0.1751852945484874,3.325502206350997,0.9667061400184606,0.798555838130599,-0.0304090401912785,24,1,1,balanced,1,0.7403130308439514,1,1,5,4,5,3
49,3,4,2,0.5877693608621982,5,16.334393775327136,0.6056378893234114,0.3138780765150273,-0.064277893076173,10.267603207023164,0.6971662542903504,0.1070291342110381,0.0349908182851887,67,3,1,balanced,3,0.5428413743340746,3,1,5,1,3,1
69,2,3,5,0.1844762531336393,3,21.36634030115842,0.1172039056802334,0.6910558127392618,0.0023726617278233,5.266822102096405,0.0832230662080723,0.7806993041716287,-0.0927675631177258,63,2,3,aggressive,4,0.5296445270351334,1,1,4,1,3,4
47,3,5,4,0.3622354416522884,4,55.13166474478742,0.337206575565752,0.2716331812743696,-0.1352307973471145,15.843370580639723,0.8629596233130185,0.9101961241446964,0.0601319473643033,94,4,4,conservative,4,0.3477700976044378,1,1,3,5,2,2
64,5,2,3,0.3345112887419321,7,18.139765834613804,0.1428419648143318,0.1906098330744497,0.0632408872225968,15.981070251372696,0.4805599408362681,0.3828333947684352,0.1199507684624841,99,1,5,aggressive,2,0.5205205336415145,5,0,1,5,2,2
52,4,1,2,0.0261967085320647,7,28.729307821318255,0.6920736470243689,0.1846324573473692,0.1990997556040802,-9.702679135265392,0.0687539064224874,0.6306352949830805,0.1478330371308347,48,1,3,aggressive,3,0.6553831994634532,3,0,4,1,1,3
57,5,4,2,0.0241917638913552,4,53.51832710636487,0.2062521138361526,0.342107620863594,-0.0193042096074224,13.341389194495974,0.549717255163311,0.4301427320968263,0.165396138051484,63,1,1,balanced,1,0.4183630384287931,3,0,4,4,2,2
69,2,4,5,0.8316970436757735,4,42.75555966578412,0.391859373188026,0.4299576197798217,-0.0581085773079149,3.8220080072502167,0.4171642789757021,0.4377650549881284,0.234516525240984,78,2,3,balanced,2,0.714153146392174,1,1,1,3,2,4
33,4,3,1,0.2730708099728124,4,4.669990343717462,0.8956747776187787,0.8309491710550684,-0.0397183332662133,19.66521623910989,0.8777494048626249,0.31037088910812,-0.0138148370897079,12,1,5,balanced,4,0.8612322272603858,3,0,5,5,5,2
30,3,4,3,0.5180787662388154,6,9.69087961245925,0.2043163833989703,0.1198910934727121,-0.1539415286419195,4.496962276263055,0.2039946036093873,0.7621296204503246,-0.0518072710246128,28,5,2,conservative,2,0.1546848481848611,2,1,2,5,2,1
67,4,5,5,0.298725573588773,4,1.4626538555430924,0.5078050639587791,0.7349258473948942,0.1533094405704895,19.606878361648924,0.8264646094921829,0.9361765641665052,0.2406148687591703,44,5,5,conservative,2,0.4515470228174244,3,0,1,5,4,5
59,1,5,3,0.9406792451153404,5,38.22438562352064,0.419271661166022,0.5314549141893053,-0.0340697377914592,12.637080836172096,0.5576886911854527,0.9407508592344612,-0.03735487404294,93,1,2,conservative,5,0.4080200912850811,3,1,1,2,5,4
47,4,3,1,0.2592967588657737,3,27.412732099214683,0.0181240410457297,0.2879453426759925,-0.0450902354300634,-2.5418534616008106,0.054610303213469,0.1747812848749338,0.2899040325344781,43,5,2,aggressive,2,0.6874648040497281,3,0,2,3,2,5
36,1,5,1,0.4296568127389351,6,8.922216203234257,0.7927581135728128,0.4928195845328246,0.0638761091721897,6.1518493786087305,0.9718453013254846,0.874743649656566,0.2370152917594548,17,4,2,balanced,2,0.2498674652579293,4,1,5,3,4,1
34,4,2,5,0.8727302504846018,4,57.518113142349456,0.0690459063145997,0.2999420697770226,-0.0231866316275505,19.76406918435748,0.5126152441031999,0.7374314414271221,0.1003506423558396,40,5,3,aggressive,3,0.6402509149522763,4,1,1,4,1,5
36,1,3,1,0.8419335667918086,2,32.24992371279157,0.4742550209769536,0.596081955238306,0.0592933875231384,15.72591823255771,0.2908768542315825,0.2528374006902892,0.2925685699688101,49,1,1,conservative,2,0.877489241731488,4,1,2,5,5,3
45,2,2,4,0.1861014178462773,2,15.271704352660462,0.5606782949389499,0.4338439228552442,-0.175421483947685,-7.078993186263367,0.4694068419892581,0.0672846129215145,-0.0610493083567983,85,3,3,balanced,1,0.4181315997936227,3,1,3,1,1,3
43,5,1,2,0.8026433097957104,3,30.535610698127744,0.6284264566145871,0.1644055290788787,0.1254893374888909,11.191159904299884,0.857857783517489,0.2679972668843779,0.0212263044700406,57,4,1,conservative,4,0.91101569997922,2,0,1,3,1,5
54,3,2,5,0.4581868867378926,7,41.09759963137136,0.6886316293078756,0.1165830745556967,0.176201581151761,0.3673875761243916,0.3049031243850635,0.9122082367815256,0.1552897660162445,87,2,5,balanced,3,0.9931637389334784,3,0,4,2,4,1
43,4,1,3,0.4829688720853552,1,5.498113860440304,0.2532723835227151,0.5466956820721302,0.0595061544637544,-9.790532143589555,0.1926763964867003,0.6331786748957723,0.0400027473892715,84,1,4,balanced,2,0.106092049947952,1,1,3,1,5,4
40,5,1,4,0.1334799724159437,1,17.207525087825626,0.0099787766584493,0.9024130332861034,0.1818263715435243,2.1044290708099886,0.1290712469308814,0.7210546608978718,0.2713490207923167,64,2,5,aggressive,1,0.2330531879848586,2,1,1,5,2,1
26,3,2,5,0.0806015137571246,7,48.61096396215562,0.723443662354912,0.3439576865576855,-0.1394270742520147,-2.9573673482508607,0.2978593983902112,0.2571523511090958,-0.0737495647288729,75,3,3,aggressive,4,0.9503797514820932,4,1,1,2,3,2
29,3,3,1,0.7279393069737652,6,28.120227353757013,0.5356565993475786,0.7330001072226232,-0.0090335242078585,14.566078115614149,0.7800480870400435,0.7193881555748203,0.1197647328243858,57,2,3,conservative,3,0.9583276864813868,5,0,3,5,5,4
18,1,5,1,0.4964611523552997,6,33.2480513799054,0.8361177032072488,0.658661354939767,0.0407226935781789,0.1199182653729646,0.4716263651952617,0.0281215062779237,0.1363465069580458,98,1,1,aggressive,1,0.0977072753867585,2,1,2,4,3,1
18,2,5,1,0.4368507026151795,6,26.53614413035869,0.8213883629006943,0.931554914309481,0.0326946589684746,14.825710818614514,0.2274816036935399,0.3753213457730138,0.1610912495108896,74,1,3,aggressive,2,0.0149985003771366,4,1,3,3,5,5
64,2,1,1,0.7295082286523967,1,3.590096615937302,0.8433261677878832,0.8209810172991409,-0.0394152883643827,-9.98206183495614,0.1661849996097492,0.6267533485423312,0.0022664893327257,74,3,2,aggressive,5,0.1611000232564222,2,0,3,2,5,4
51,5,1,3,0.7655128989911097,2,10.7792370093892,0.4850946599795401,0.566605258905463,-0.0647662362534954,-0.7654254992164251,0.3327294765103791,0.1460965655413202,0.0458265710079457,70,1,3,balanced,5,0.9960127833822484,2,1,1,5,4,3
49,2,3,4,0.1589081676693535,1,27.286956685771564,0.3336283958368656,0.6570304982341073,-0.1492703909798325,-2.765043570767141,0.9399243728857088,0.8230035744469347,0.237472211865991,100,3,1,aggressive,3,0.1799996166106868,3,1,3,3,3,4
65,4,4,2,0.6102251494776413,5,13.341942459067742,0.79155820259137,0.8983864665840349,-0.0433030197750887,-2.9929791679416704,0.3430267125900244,0.2350312988119186,-0.022022892411936,88,3,1,conservative,1,0.5025476067220231,1,0,5,3,3,1
42,2,2,3,0.1353540822776855,4,3.9487626909210456,0.4512941130292549,0.3995187845869348,-0.1349356739578059,-7.954401407036119,0.9881240759546354,0.6522811128184463,0.2307471388693448,76,1,2,balanced,4,0.848417726430511,5,1,2,3,3,4
57,5,1,3,0.7513750860290457,6,50.7753301790576,0.1834421964034345,0.3267947058577773,0.0937462705968873,-4.3862718876849485,0.4852304557653562,0.4051971425753297,0.1250621691610969,43,5,1,balanced,1,0.0204016106882063,4,1,1,5,4,3
62,2,5,2,0.6569551562671395,2,58.89035922068283,0.8549740195614743,0.0108110836351963,-0.116467625802164,6.666487096568595,0.1791639182901508,0.5960435954776472,0.2048750044776328,23,3,4,aggressive,5,0.6044889822584595,2,0,1,1,5,2
18,4,3,2,0.956614621083458,3,47.79542956580762,0.8825598767723473,0.8265510741914642,-0.1765738778861864,-1.2591678148676664,0.8911400917935094,0.1074505526289081,0.1854429465053886,27,1,5,balanced,3,0.2770254488696243,5,1,3,4,3,1
